Station,Date,Precipitation
Abumusa Island,1985-01-16 12:00:00,8.611458
Abumusa Island,1985-02-15 00:00:00,14.465463
Abumusa Island,1985-03-16 12:00:00,5.715562
Abumusa Island,1985-04-16 00:00:00,1.5500832
Abumusa Island,1985-05-16 12:00:00,0.0025566989
Abumusa Island,1985-06-16 00:00:00,0.0
Abumusa Island,1985-07-16 12:00:00,0.0
Abumusa Island,1985-08-16 12:00:00,2.116779e-05
Abumusa Island,1985-09-16 00:00:00,8.110326e-05
Abumusa Island,1985-10-16 12:00:00,0.0
Abumusa Island,1985-11-16 00:00:00,0.8642447
Abumusa Island,1985-12-16 12:00:00,11.150172
Abumusa Island,1986-01-16 12:00:00,7.1368685
Abumusa Island,1986-02-15 00:00:00,6.611409
Abumusa Island,1986-03-16 12:00:00,10.051597
Abumusa Island,1986-04-16 00:00:00,2.6277049
Abumusa Island,1986-05-16 12:00:00,0.0039402456
Abumusa Island,1986-06-16 00:00:00,0.0
Abumusa Island,1986-07-16 12:00:00,0.0
Abumusa Island,1986-08-16 12:00:00,6.52785e-05
Abumusa Island,1986-09-16 00:00:00,0.00016007265
Abumusa Island,1986-10-16 12:00:00,0.0
Abumusa Island,1986-11-16 00:00:00,0.63947695
Abumusa Island,1986-12-16 12:00:00,5.624422
Abumusa Island,1987-01-16 12:00:00,9.931185
Abumusa Island,1987-02-15 00:00:00,7.8225183
Abumusa Island,1987-03-16 12:00:00,7.2881813
Abumusa Island,1987-04-16 00:00:00,2.736164
Abumusa Island,1987-05-16 12:00:00,0.0024380665
Abumusa Island,1987-06-16 00:00:00,0.0
Abumusa Island,1987-07-16 12:00:00,0.0
Abumusa Island,1987-08-16 12:00:00,0.00030066638
Abumusa Island,1987-09-16 00:00:00,0.00034686615
Abumusa Island,1987-10-16 12:00:00,0.0
Abumusa Island,1987-11-16 00:00:00,0.4223877
Abumusa Island,1987-12-16 12:00:00,12.603022
Abumusa Island,1988-01-16 12:00:00,13.376834
Abumusa Island,1988-02-15 12:00:00,8.473849
Abumusa Island,1988-03-16 12:00:00,11.6642275
Abumusa Island,1988-04-16 00:00:00,2.3852339
Abumusa Island,1988-05-16 12:00:00,0.0024029817
Abumusa Island,1988-06-16 00:00:00,0.0
Abumusa Island,1988-07-16 12:00:00,0.0
Abumusa Island,1988-08-16 12:00:00,0.0
Abumusa Island,1988-09-16 00:00:00,0.00016143204
Abumusa Island,1988-10-16 12:00:00,0.0
Abumusa Island,1988-11-16 00:00:00,0.8223098
Abumusa Island,1988-12-16 12:00:00,8.067613
Abumusa Island,1989-01-16 12:00:00,15.035609
Abumusa Island,1989-02-15 00:00:00,11.511136
Abumusa Island,1989-03-16 12:00:00,12.458768
Abumusa Island,1989-04-16 00:00:00,3.1759238
Abumusa Island,1989-05-16 12:00:00,0.024601562
Abumusa Island,1989-06-16 00:00:00,0.0
Abumusa Island,1989-07-16 12:00:00,0.0
Abumusa Island,1989-08-16 12:00:00,0.000105233696
Abumusa Island,1989-09-16 00:00:00,0.00010909075
Abumusa Island,1989-10-16 12:00:00,0.0
Abumusa Island,1989-11-16 00:00:00,2.1181476
Abumusa Island,1989-12-16 12:00:00,13.707095
Abumusa Island,1990-01-16 12:00:00,11.075981
Abumusa Island,1990-02-15 00:00:00,12.6947155
Abumusa Island,1990-03-16 12:00:00,12.0632715
Abumusa Island,1990-04-16 00:00:00,3.967645
Abumusa Island,1990-05-16 12:00:00,0.00068470556
Abumusa Island,1990-06-16 00:00:00,0.0
Abumusa Island,1990-07-16 12:00:00,0.0
Abumusa Island,1990-08-16 12:00:00,1.1009124e-05
Abumusa Island,1990-09-16 00:00:00,0.00010346452
Abumusa Island,1990-10-16 12:00:00,0.0
Abumusa Island,1990-11-16 00:00:00,0.49147838
Abumusa Island,1990-12-16 12:00:00,12.429896
Abumusa Island,1991-01-16 12:00:00,14.46398
Abumusa Island,1991-02-15 00:00:00,11.288183
Abumusa Island,1991-03-16 12:00:00,7.377387
Abumusa Island,1991-04-16 00:00:00,3.5754895
Abumusa Island,1991-05-16 12:00:00,0.13301797
Abumusa Island,1991-06-16 00:00:00,0.0
Abumusa Island,1991-07-16 12:00:00,0.0
Abumusa Island,1991-08-16 12:00:00,4.5913246e-05
Abumusa Island,1991-09-16 00:00:00,7.699011e-05
Abumusa Island,1991-10-16 12:00:00,0.0
Abumusa Island,1991-11-16 00:00:00,0.26880252
Abumusa Island,1991-12-16 12:00:00,9.761447
Abumusa Island,1992-01-16 12:00:00,10.894929
Abumusa Island,1992-02-15 12:00:00,12.786467
Abumusa Island,1992-03-16 12:00:00,11.425863
Abumusa Island,1992-04-16 00:00:00,1.3651388
Abumusa Island,1992-05-16 12:00:00,0.0065405364
Abumusa Island,1992-06-16 00:00:00,0.0
Abumusa Island,1992-07-16 12:00:00,0.0
Abumusa Island,1992-08-16 12:00:00,1.1808782e-05
Abumusa Island,1992-09-16 00:00:00,0.00012639984
Abumusa Island,1992-10-16 12:00:00,0.0
Abumusa Island,1992-11-16 00:00:00,0.7794716
Abumusa Island,1992-12-16 12:00:00,15.5946245
Abumusa Island,1993-01-16 12:00:00,17.455906
Abumusa Island,1993-02-15 00:00:00,13.19797
Abumusa Island,1993-03-16 12:00:00,15.449187
Abumusa Island,1993-04-16 00:00:00,1.935759
Abumusa Island,1993-05-16 12:00:00,0.069672935
Abumusa Island,1993-06-16 00:00:00,0.0
Abumusa Island,1993-07-16 12:00:00,0.0
Abumusa Island,1993-08-16 12:00:00,9.2056485e-05
Abumusa Island,1993-09-16 00:00:00,0.00034353742
Abumusa Island,1993-10-16 12:00:00,0.0
Abumusa Island,1993-11-16 00:00:00,1.1520613
Abumusa Island,1993-12-16 12:00:00,11.058807
Abumusa Island,1994-01-16 12:00:00,14.579295
Abumusa Island,1994-02-15 00:00:00,15.04477
Abumusa Island,1994-03-16 12:00:00,13.368748
Abumusa Island,1994-04-16 00:00:00,4.5604296
Abumusa Island,1994-05-16 12:00:00,0.002191401
Abumusa Island,1994-06-16 00:00:00,0.0
Abumusa Island,1994-07-16 12:00:00,0.0
Abumusa Island,1994-08-16 12:00:00,2.1787282e-05
Abumusa Island,1994-09-16 00:00:00,0.00023804497
Abumusa Island,1994-10-16 12:00:00,0.0
Abumusa Island,1994-11-16 00:00:00,0.23484291
Abumusa Island,1994-12-16 12:00:00,11.0961275
Abumusa Island,1995-01-16 12:00:00,11.58971
Abumusa Island,1995-02-15 00:00:00,8.559896
Abumusa Island,1995-03-16 12:00:00,9.803607
Abumusa Island,1995-04-16 00:00:00,4.328836
Abumusa Island,1995-05-16 12:00:00,0.016312659
Abumusa Island,1995-06-16 00:00:00,0.0
Abumusa Island,1995-07-16 12:00:00,0.0
Abumusa Island,1995-08-16 12:00:00,0.0
Abumusa Island,1995-09-16 00:00:00,0.000253109
Abumusa Island,1995-10-16 12:00:00,0.0
Abumusa Island,1995-11-16 00:00:00,0.6956556
Abumusa Island,1995-12-16 12:00:00,5.831789
Abumusa Island,1996-01-16 12:00:00,8.375637
Abumusa Island,1996-02-15 12:00:00,4.3853226
Abumusa Island,1996-03-16 12:00:00,9.263428
Abumusa Island,1996-04-16 00:00:00,1.1324347
Abumusa Island,1996-05-16 12:00:00,0.012706173
Abumusa Island,1996-06-16 00:00:00,0.0
Abumusa Island,1996-07-16 12:00:00,0.0
Abumusa Island,1996-08-16 12:00:00,0.0
Abumusa Island,1996-09-16 00:00:00,0.00012055634
Abumusa Island,1996-10-16 12:00:00,0.0
Abumusa Island,1996-11-16 00:00:00,1.0290163
Abumusa Island,1996-12-16 12:00:00,7.902198
Abumusa Island,1997-01-16 12:00:00,12.544137
Abumusa Island,1997-02-15 00:00:00,12.281524
Abumusa Island,1997-03-16 12:00:00,13.519123
Abumusa Island,1997-04-16 00:00:00,3.279529
Abumusa Island,1997-05-16 12:00:00,0.0008046883
Abumusa Island,1997-06-16 00:00:00,0.0
Abumusa Island,1997-07-16 12:00:00,0.0
Abumusa Island,1997-08-16 12:00:00,1.07386795e-05
Abumusa Island,1997-09-16 00:00:00,6.391477e-05
Abumusa Island,1997-10-16 12:00:00,0.0
Abumusa Island,1997-11-16 00:00:00,1.1748699
Abumusa Island,1997-12-16 12:00:00,7.656062
Abumusa Island,1998-01-16 12:00:00,11.22813
Abumusa Island,1998-02-15 00:00:00,5.8155546
Abumusa Island,1998-03-16 12:00:00,14.391588
Abumusa Island,1998-04-16 00:00:00,3.1162782
Abumusa Island,1998-05-16 12:00:00,0.0023677503
Abumusa Island,1998-06-16 00:00:00,0.0
Abumusa Island,1998-07-16 12:00:00,0.0
Abumusa Island,1998-08-16 12:00:00,5.5977132e-05
Abumusa Island,1998-09-16 00:00:00,0.0003915734
Abumusa Island,1998-10-16 12:00:00,0.0
Abumusa Island,1998-11-16 00:00:00,0.19186619
Abumusa Island,1998-12-16 12:00:00,8.322453
Abumusa Island,1999-01-16 12:00:00,7.0549936
Abumusa Island,1999-02-15 00:00:00,6.2407985
Abumusa Island,1999-03-16 12:00:00,12.301669
Abumusa Island,1999-04-16 00:00:00,2.3310893
Abumusa Island,1999-05-16 12:00:00,0.003558499
Abumusa Island,1999-06-16 00:00:00,0.0
Abumusa Island,1999-07-16 12:00:00,0.0
Abumusa Island,1999-08-16 12:00:00,0.0
Abumusa Island,1999-09-16 00:00:00,0.00012493008
Abumusa Island,1999-10-16 12:00:00,0.0
Abumusa Island,1999-11-16 00:00:00,0.35696456
Abumusa Island,1999-12-16 12:00:00,14.313542
Abumusa Island,2000-01-16 12:00:00,12.351116
Abumusa Island,2000-02-15 12:00:00,11.049885
Abumusa Island,2000-03-16 12:00:00,9.42533
Abumusa Island,2000-04-16 00:00:00,2.5163875
Abumusa Island,2000-05-16 12:00:00,0.0032776224
Abumusa Island,2000-06-16 00:00:00,0.0
Abumusa Island,2000-07-16 12:00:00,0.0
Abumusa Island,2000-08-16 12:00:00,3.4148547e-05
Abumusa Island,2000-09-16 00:00:00,0.00025275152
Abumusa Island,2000-10-16 12:00:00,0.0
Abumusa Island,2000-11-16 00:00:00,0.61804
Abumusa Island,2000-12-16 12:00:00,8.501161
Abumusa Island,2001-01-16 12:00:00,14.726789
Abumusa Island,2001-02-15 00:00:00,10.012012
Abumusa Island,2001-03-16 12:00:00,14.042808
Abumusa Island,2001-04-16 00:00:00,3.539498
Abumusa Island,2001-05-16 12:00:00,0.028883887
Abumusa Island,2001-06-16 00:00:00,0.0
Abumusa Island,2001-07-16 12:00:00,0.0
Abumusa Island,2001-08-16 12:00:00,0.00012981558
Abumusa Island,2001-09-16 00:00:00,0.00012966972
Abumusa Island,2001-10-16 12:00:00,0.0
Abumusa Island,2001-11-16 00:00:00,0.52375185
Abumusa Island,2001-12-16 12:00:00,11.819197
Abumusa Island,2002-01-16 12:00:00,12.703114
Abumusa Island,2002-02-15 00:00:00,8.325417
Abumusa Island,2002-03-16 12:00:00,8.187618
Abumusa Island,2002-04-16 00:00:00,2.2846346
Abumusa Island,2002-05-16 12:00:00,0.0057662674
Abumusa Island,2002-06-16 00:00:00,0.0
Abumusa Island,2002-07-16 12:00:00,0.0
Abumusa Island,2002-08-16 12:00:00,1.038889e-05
Abumusa Island,2002-09-16 00:00:00,8.756448e-05
Abumusa Island,2002-10-16 12:00:00,0.0
Abumusa Island,2002-11-16 00:00:00,1.6543983
Abumusa Island,2002-12-16 12:00:00,14.16166
Abumusa Island,2003-01-16 12:00:00,9.312582
Abumusa Island,2003-02-15 00:00:00,12.03172
Abumusa Island,2003-03-16 12:00:00,10.10306
Abumusa Island,2003-04-16 00:00:00,2.8934712
Abumusa Island,2003-05-16 12:00:00,0.0016824987
Abumusa Island,2003-06-16 00:00:00,0.0
Abumusa Island,2003-07-16 12:00:00,0.0
Abumusa Island,2003-08-16 12:00:00,3.262057e-05
Abumusa Island,2003-09-16 00:00:00,0.000104263585
Abumusa Island,2003-10-16 12:00:00,0.0
Abumusa Island,2003-11-16 00:00:00,0.35677743
Abumusa Island,2003-12-16 12:00:00,10.558166
Abumusa Island,2004-01-16 12:00:00,14.4417715
Abumusa Island,2004-02-15 12:00:00,10.606952
Abumusa Island,2004-03-16 12:00:00,10.598747
Abumusa Island,2004-04-16 00:00:00,2.0639324
Abumusa Island,2004-05-16 12:00:00,0.009404672
Abumusa Island,2004-06-16 00:00:00,0.0
Abumusa Island,2004-07-16 12:00:00,0.0
Abumusa Island,2004-08-16 12:00:00,0.00024195416
Abumusa Island,2004-09-16 00:00:00,0.00029457937
Abumusa Island,2004-10-16 12:00:00,0.0
Abumusa Island,2004-11-16 00:00:00,0.29274216
Abumusa Island,2004-12-16 12:00:00,10.907509
Abumusa Island,2005-01-16 12:00:00,10.162142
Abumusa Island,2005-02-15 00:00:00,9.573623
Abumusa Island,2005-03-16 12:00:00,7.1284184
Abumusa Island,2005-04-16 00:00:00,1.1154971
Abumusa Island,2005-05-16 12:00:00,0.0006372858
Abumusa Island,2005-06-16 00:00:00,0.0
Abumusa Island,2005-07-16 12:00:00,0.0
Abumusa Island,2005-08-16 12:00:00,0.0
Abumusa Island,2005-09-16 00:00:00,0.0001794371
Abumusa Island,2005-10-16 12:00:00,0.0
Abumusa Island,2005-11-16 00:00:00,0.38607737
Abumusa Island,2005-12-16 12:00:00,5.723904
Abumusa Island,2006-01-16 12:00:00,11.455011
Abumusa Island,2006-02-15 00:00:00,12.27151
Abumusa Island,2006-03-16 12:00:00,11.1473675
Abumusa Island,2006-04-16 00:00:00,5.3516626
Abumusa Island,2006-05-16 12:00:00,0.0
Abumusa Island,2006-06-16 00:00:00,0.0
Abumusa Island,2006-07-16 12:00:00,0.0
Abumusa Island,2006-08-16 12:00:00,0.0
Abumusa Island,2006-09-16 00:00:00,0.00015046955
Abumusa Island,2006-10-16 12:00:00,0.0
Abumusa Island,2006-11-16 00:00:00,1.5261962
Abumusa Island,2006-12-16 12:00:00,9.831453
Abumusa Island,2007-01-16 12:00:00,13.418517
Abumusa Island,2007-02-15 00:00:00,9.662948
Abumusa Island,2007-03-16 12:00:00,8.963012
Abumusa Island,2007-04-16 00:00:00,5.013964
Abumusa Island,2007-05-16 12:00:00,0.0021614684
Abumusa Island,2007-06-16 00:00:00,0.0
Abumusa Island,2007-07-16 12:00:00,0.0
Abumusa Island,2007-08-16 12:00:00,2.0744465e-05
Abumusa Island,2007-09-16 00:00:00,8.886815e-05
Abumusa Island,2007-10-16 12:00:00,0.0
Abumusa Island,2007-11-16 00:00:00,0.6415927
Abumusa Island,2007-12-16 12:00:00,11.908838
Abumusa Island,2008-01-16 12:00:00,12.519205
Abumusa Island,2008-02-15 12:00:00,21.936808
Abumusa Island,2008-03-16 12:00:00,9.687958
Abumusa Island,2008-04-16 00:00:00,1.2612697
Abumusa Island,2008-05-16 12:00:00,0.00668565
Abumusa Island,2008-06-16 00:00:00,0.0
Abumusa Island,2008-07-16 12:00:00,0.0
Abumusa Island,2008-08-16 12:00:00,3.266011e-05
Abumusa Island,2008-09-16 00:00:00,6.74777e-05
Abumusa Island,2008-10-16 12:00:00,0.0
Abumusa Island,2008-11-16 00:00:00,0.78499484
Abumusa Island,2008-12-16 12:00:00,12.84831
Abumusa Island,2009-01-16 12:00:00,10.628227
Abumusa Island,2009-02-15 00:00:00,5.4015102
Abumusa Island,2009-03-16 12:00:00,9.585394
Abumusa Island,2009-04-16 00:00:00,4.1246552
Abumusa Island,2009-05-16 12:00:00,0.0
Abumusa Island,2009-06-16 00:00:00,0.0
Abumusa Island,2009-07-16 12:00:00,0.0
Abumusa Island,2009-08-16 12:00:00,0.0
Abumusa Island,2009-09-16 00:00:00,7.684104e-05
Abumusa Island,2009-10-16 12:00:00,0.0
Abumusa Island,2009-11-16 00:00:00,1.5371926
Abumusa Island,2009-12-16 12:00:00,11.24982
Abumusa Island,2010-01-16 12:00:00,13.320741
Abumusa Island,2010-02-15 00:00:00,10.052959
Abumusa Island,2010-03-16 12:00:00,4.8794928
Abumusa Island,2010-04-16 00:00:00,9.390413
Abumusa Island,2010-05-16 12:00:00,0.0035094456
Abumusa Island,2010-06-16 00:00:00,0.0
Abumusa Island,2010-07-16 12:00:00,0.0
Abumusa Island,2010-08-16 12:00:00,0.0
Abumusa Island,2010-09-16 00:00:00,0.00015025132
Abumusa Island,2010-10-16 12:00:00,0.0
Abumusa Island,2010-11-16 00:00:00,0.93371534
Abumusa Island,2010-12-16 12:00:00,10.45553
Abumusa Island,2011-01-16 12:00:00,14.410256
Abumusa Island,2011-02-15 00:00:00,10.581859
Abumusa Island,2011-03-16 12:00:00,9.8249445
Abumusa Island,2011-04-16 00:00:00,3.0158217
Abumusa Island,2011-05-16 12:00:00,0.0055532777
Abumusa Island,2011-06-16 00:00:00,0.0
Abumusa Island,2011-07-16 12:00:00,0.0
Abumusa Island,2011-08-16 12:00:00,1.133092e-05
Abumusa Island,2011-09-16 00:00:00,0.000117247655
Abumusa Island,2011-10-16 12:00:00,0.0
Abumusa Island,2011-11-16 00:00:00,1.0702206
Abumusa Island,2011-12-16 12:00:00,11.572305
Abumusa Island,2012-01-16 12:00:00,15.812753
Abumusa Island,2012-02-15 12:00:00,13.453487
Abumusa Island,2012-03-16 12:00:00,8.684071
Abumusa Island,2012-04-16 00:00:00,2.6003058
Abumusa Island,2012-05-16 12:00:00,0.0
Abumusa Island,2012-06-16 00:00:00,0.0
Abumusa Island,2012-07-16 12:00:00,0.0
Abumusa Island,2012-08-16 12:00:00,0.00014889268
Abumusa Island,2012-09-16 00:00:00,0.0002456187
Abumusa Island,2012-10-16 12:00:00,0.0
Abumusa Island,2012-11-16 00:00:00,1.1066192
Abumusa Island,2012-12-16 12:00:00,10.546941
Abumusa Island,2013-01-16 12:00:00,8.770456
Abumusa Island,2013-02-15 00:00:00,10.964064
Abumusa Island,2013-03-16 12:00:00,8.209164
Abumusa Island,2013-04-16 00:00:00,4.736836
Abumusa Island,2013-05-16 12:00:00,0.014908929
Abumusa Island,2013-06-16 00:00:00,0.0
Abumusa Island,2013-07-16 12:00:00,0.0
Abumusa Island,2013-08-16 12:00:00,1.1317051e-05
Abumusa Island,2013-09-16 00:00:00,0.0001888299
Abumusa Island,2013-10-16 12:00:00,0.0
Abumusa Island,2013-11-16 00:00:00,0.42268696
Abumusa Island,2013-12-16 12:00:00,10.438503
Abumusa Island,2014-01-16 12:00:00,14.370885
Abumusa Island,2014-02-15 00:00:00,7.2734127
Abumusa Island,2014-03-16 12:00:00,8.496716
Abumusa Island,2014-04-16 00:00:00,4.079175
Abumusa Island,2014-05-16 12:00:00,0.0034378902
Abumusa Island,2014-06-16 00:00:00,0.0
Abumusa Island,2014-07-16 12:00:00,0.0
Abumusa Island,2014-08-16 12:00:00,0.0
Abumusa Island,2014-09-16 00:00:00,0.00012175234
Abumusa Island,2014-10-16 12:00:00,0.0
Abumusa Island,2014-11-16 00:00:00,1.1415596
Abumusa Island,2014-12-16 12:00:00,5.450898
