Station,Date,Precipitation
Bandar-E-Lengeh,1985-01-16 12:00:00,22.005709
Bandar-E-Lengeh,1985-02-15 00:00:00,30.403336
Bandar-E-Lengeh,1985-03-16 12:00:00,13.033988
Bandar-E-Lengeh,1985-04-16 00:00:00,7.2135553
Bandar-E-Lengeh,1985-05-16 12:00:00,0.7966782
Bandar-E-Lengeh,1985-06-16 00:00:00,0.0
Bandar-E-Lengeh,1985-07-16 12:00:00,0.0
Bandar-E-Lengeh,1985-08-16 12:00:00,0.0
Bandar-E-Lengeh,1985-09-16 00:00:00,0.0
Bandar-E-Lengeh,1985-10-16 12:00:00,0.0
Bandar-E-Lengeh,1985-11-16 00:00:00,4.716668
Bandar-E-Lengeh,1985-12-16 12:00:00,29.908983
Bandar-E-Lengeh,1986-01-16 12:00:00,16.774422
Bandar-E-Lengeh,1986-02-15 00:00:00,15.264051
Bandar-E-Lengeh,1986-03-16 12:00:00,26.765984
Bandar-E-Lengeh,1986-04-16 00:00:00,11.638375
Bandar-E-Lengeh,1986-05-16 12:00:00,1.8558828
Bandar-E-Lengeh,1986-06-16 00:00:00,0.0
Bandar-E-Lengeh,1986-07-16 12:00:00,0.0
Bandar-E-Lengeh,1986-08-16 12:00:00,0.0
Bandar-E-Lengeh,1986-09-16 00:00:00,0.0
Bandar-E-Lengeh,1986-10-16 12:00:00,0.0
Bandar-E-Lengeh,1986-11-16 00:00:00,4.3032517
Bandar-E-Lengeh,1986-12-16 12:00:00,17.375631
Bandar-E-Lengeh,1987-01-16 12:00:00,25.151812
Bandar-E-Lengeh,1987-02-15 00:00:00,15.487674
Bandar-E-Lengeh,1987-03-16 12:00:00,18.57708
Bandar-E-Lengeh,1987-04-16 00:00:00,8.4075575
Bandar-E-Lengeh,1987-05-16 12:00:00,0.08359596
Bandar-E-Lengeh,1987-06-16 00:00:00,0.0
Bandar-E-Lengeh,1987-07-16 12:00:00,0.0
Bandar-E-Lengeh,1987-08-16 12:00:00,0.0
Bandar-E-Lengeh,1987-09-16 00:00:00,0.0
Bandar-E-Lengeh,1987-10-16 12:00:00,0.000212544
Bandar-E-Lengeh,1987-11-16 00:00:00,3.0676124
Bandar-E-Lengeh,1987-12-16 12:00:00,33.474667
Bandar-E-Lengeh,1988-01-16 12:00:00,32.09667
Bandar-E-Lengeh,1988-02-15 12:00:00,26.639275
Bandar-E-Lengeh,1988-03-16 12:00:00,26.409254
Bandar-E-Lengeh,1988-04-16 00:00:00,6.5329857
Bandar-E-Lengeh,1988-05-16 12:00:00,0.03986507
Bandar-E-Lengeh,1988-06-16 00:00:00,0.0
Bandar-E-Lengeh,1988-07-16 12:00:00,0.0
Bandar-E-Lengeh,1988-08-16 12:00:00,0.0
Bandar-E-Lengeh,1988-09-16 00:00:00,0.0
Bandar-E-Lengeh,1988-10-16 12:00:00,0.0
Bandar-E-Lengeh,1988-11-16 00:00:00,5.3061137
Bandar-E-Lengeh,1988-12-16 12:00:00,22.168856
Bandar-E-Lengeh,1989-01-16 12:00:00,40.198418
Bandar-E-Lengeh,1989-02-15 00:00:00,24.382538
Bandar-E-Lengeh,1989-03-16 12:00:00,26.491192
Bandar-E-Lengeh,1989-04-16 00:00:00,9.671267
Bandar-E-Lengeh,1989-05-16 12:00:00,0.2645982
Bandar-E-Lengeh,1989-06-16 00:00:00,0.0
Bandar-E-Lengeh,1989-07-16 12:00:00,0.0
Bandar-E-Lengeh,1989-08-16 12:00:00,0.0
Bandar-E-Lengeh,1989-09-16 00:00:00,0.0
Bandar-E-Lengeh,1989-10-16 12:00:00,0.0
Bandar-E-Lengeh,1989-11-16 00:00:00,9.602739
Bandar-E-Lengeh,1989-12-16 12:00:00,38.47209
Bandar-E-Lengeh,1990-01-16 12:00:00,29.414742
Bandar-E-Lengeh,1990-02-15 00:00:00,28.653227
Bandar-E-Lengeh,1990-03-16 12:00:00,27.44983
Bandar-E-Lengeh,1990-04-16 00:00:00,14.546453
Bandar-E-Lengeh,1990-05-16 12:00:00,1.1746306
Bandar-E-Lengeh,1990-06-16 00:00:00,0.0
Bandar-E-Lengeh,1990-07-16 12:00:00,0.0
Bandar-E-Lengeh,1990-08-16 12:00:00,0.0
Bandar-E-Lengeh,1990-09-16 00:00:00,0.0
Bandar-E-Lengeh,1990-10-16 12:00:00,0.0
Bandar-E-Lengeh,1990-11-16 00:00:00,5.111639
Bandar-E-Lengeh,1990-12-16 12:00:00,34.09888
Bandar-E-Lengeh,1991-01-16 12:00:00,42.58685
Bandar-E-Lengeh,1991-02-15 00:00:00,26.376415
Bandar-E-Lengeh,1991-03-16 12:00:00,18.652266
Bandar-E-Lengeh,1991-04-16 00:00:00,9.521392
Bandar-E-Lengeh,1991-05-16 12:00:00,2.3764157
Bandar-E-Lengeh,1991-06-16 00:00:00,0.0
Bandar-E-Lengeh,1991-07-16 12:00:00,0.0
Bandar-E-Lengeh,1991-08-16 12:00:00,0.0
Bandar-E-Lengeh,1991-09-16 00:00:00,0.0
Bandar-E-Lengeh,1991-10-16 12:00:00,0.0
Bandar-E-Lengeh,1991-11-16 00:00:00,1.5008115
Bandar-E-Lengeh,1991-12-16 12:00:00,24.211401
Bandar-E-Lengeh,1992-01-16 12:00:00,27.00617
Bandar-E-Lengeh,1992-02-15 12:00:00,28.02599
Bandar-E-Lengeh,1992-03-16 12:00:00,27.934147
Bandar-E-Lengeh,1992-04-16 00:00:00,5.2815137
Bandar-E-Lengeh,1992-05-16 12:00:00,0.572013
Bandar-E-Lengeh,1992-06-16 00:00:00,0.0
Bandar-E-Lengeh,1992-07-16 12:00:00,0.0
Bandar-E-Lengeh,1992-08-16 12:00:00,0.0
Bandar-E-Lengeh,1992-09-16 00:00:00,0.0
Bandar-E-Lengeh,1992-10-16 12:00:00,2.5420295e-06
Bandar-E-Lengeh,1992-11-16 00:00:00,8.004194
Bandar-E-Lengeh,1992-12-16 12:00:00,37.1282
Bandar-E-Lengeh,1993-01-16 12:00:00,46.77714
Bandar-E-Lengeh,1993-02-15 00:00:00,33.938553
Bandar-E-Lengeh,1993-03-16 12:00:00,33.084133
Bandar-E-Lengeh,1993-04-16 00:00:00,10.796587
Bandar-E-Lengeh,1993-05-16 12:00:00,0.9800789
Bandar-E-Lengeh,1993-06-16 00:00:00,0.0
Bandar-E-Lengeh,1993-07-16 12:00:00,0.0
Bandar-E-Lengeh,1993-08-16 12:00:00,0.0
Bandar-E-Lengeh,1993-09-16 00:00:00,0.0
Bandar-E-Lengeh,1993-10-16 12:00:00,0.0
Bandar-E-Lengeh,1993-11-16 00:00:00,6.039729
Bandar-E-Lengeh,1993-12-16 12:00:00,31.976406
Bandar-E-Lengeh,1994-01-16 12:00:00,36.55327
Bandar-E-Lengeh,1994-02-15 00:00:00,32.997856
Bandar-E-Lengeh,1994-03-16 12:00:00,31.411436
Bandar-E-Lengeh,1994-04-16 00:00:00,14.930607
Bandar-E-Lengeh,1994-05-16 12:00:00,0.07253431
Bandar-E-Lengeh,1994-06-16 00:00:00,0.0
Bandar-E-Lengeh,1994-07-16 12:00:00,0.0
Bandar-E-Lengeh,1994-08-16 12:00:00,0.0
Bandar-E-Lengeh,1994-09-16 00:00:00,0.0
Bandar-E-Lengeh,1994-10-16 12:00:00,0.0
Bandar-E-Lengeh,1994-11-16 00:00:00,1.5437332
Bandar-E-Lengeh,1994-12-16 12:00:00,31.658419
Bandar-E-Lengeh,1995-01-16 12:00:00,31.636091
Bandar-E-Lengeh,1995-02-15 00:00:00,21.161316
Bandar-E-Lengeh,1995-03-16 12:00:00,22.00226
Bandar-E-Lengeh,1995-04-16 00:00:00,11.720312
Bandar-E-Lengeh,1995-05-16 12:00:00,0.24436347
Bandar-E-Lengeh,1995-06-16 00:00:00,0.0
Bandar-E-Lengeh,1995-07-16 12:00:00,0.0
Bandar-E-Lengeh,1995-08-16 12:00:00,0.0
Bandar-E-Lengeh,1995-09-16 00:00:00,0.0
Bandar-E-Lengeh,1995-10-16 12:00:00,0.0002184917
Bandar-E-Lengeh,1995-11-16 00:00:00,3.0948827
Bandar-E-Lengeh,1995-12-16 12:00:00,17.281494
Bandar-E-Lengeh,1996-01-16 12:00:00,25.119925
Bandar-E-Lengeh,1996-02-15 12:00:00,12.429436
Bandar-E-Lengeh,1996-03-16 12:00:00,17.573093
Bandar-E-Lengeh,1996-04-16 00:00:00,5.546515
Bandar-E-Lengeh,1996-05-16 12:00:00,0.24161182
Bandar-E-Lengeh,1996-06-16 00:00:00,0.0
Bandar-E-Lengeh,1996-07-16 12:00:00,0.0
Bandar-E-Lengeh,1996-08-16 12:00:00,0.0
Bandar-E-Lengeh,1996-09-16 00:00:00,0.0
Bandar-E-Lengeh,1996-10-16 12:00:00,0.0
Bandar-E-Lengeh,1996-11-16 00:00:00,5.4778
Bandar-E-Lengeh,1996-12-16 12:00:00,21.867493
Bandar-E-Lengeh,1997-01-16 12:00:00,31.504938
Bandar-E-Lengeh,1997-02-15 00:00:00,28.96812
Bandar-E-Lengeh,1997-03-16 12:00:00,32.918068
Bandar-E-Lengeh,1997-04-16 00:00:00,7.489001
Bandar-E-Lengeh,1997-05-16 12:00:00,0.20074987
Bandar-E-Lengeh,1997-06-16 00:00:00,0.0
Bandar-E-Lengeh,1997-07-16 12:00:00,0.0
Bandar-E-Lengeh,1997-08-16 12:00:00,0.0
Bandar-E-Lengeh,1997-09-16 00:00:00,0.0
Bandar-E-Lengeh,1997-10-16 12:00:00,0.0
Bandar-E-Lengeh,1997-11-16 00:00:00,5.5950255
Bandar-E-Lengeh,1997-12-16 12:00:00,19.528467
Bandar-E-Lengeh,1998-01-16 12:00:00,28.83656
Bandar-E-Lengeh,1998-02-15 00:00:00,16.144983
Bandar-E-Lengeh,1998-03-16 12:00:00,34.418026
Bandar-E-Lengeh,1998-04-16 00:00:00,11.626502
Bandar-E-Lengeh,1998-05-16 12:00:00,0.47225404
Bandar-E-Lengeh,1998-06-16 00:00:00,0.0
Bandar-E-Lengeh,1998-07-16 12:00:00,0.0
Bandar-E-Lengeh,1998-08-16 12:00:00,0.0
Bandar-E-Lengeh,1998-09-16 00:00:00,0.0
Bandar-E-Lengeh,1998-10-16 12:00:00,0.0
Bandar-E-Lengeh,1998-11-16 00:00:00,2.1287966
Bandar-E-Lengeh,1998-12-16 12:00:00,20.723303
Bandar-E-Lengeh,1999-01-16 12:00:00,21.281548
Bandar-E-Lengeh,1999-02-15 00:00:00,15.333051
Bandar-E-Lengeh,1999-03-16 12:00:00,30.890575
Bandar-E-Lengeh,1999-04-16 00:00:00,6.762738
Bandar-E-Lengeh,1999-05-16 12:00:00,0.5871638
Bandar-E-Lengeh,1999-06-16 00:00:00,0.0
Bandar-E-Lengeh,1999-07-16 12:00:00,0.0
Bandar-E-Lengeh,1999-08-16 12:00:00,0.0
Bandar-E-Lengeh,1999-09-16 00:00:00,0.0
Bandar-E-Lengeh,1999-10-16 12:00:00,0.0
Bandar-E-Lengeh,1999-11-16 00:00:00,2.0093887
Bandar-E-Lengeh,1999-12-16 12:00:00,32.31114
Bandar-E-Lengeh,2000-01-16 12:00:00,32.69866
Bandar-E-Lengeh,2000-02-15 12:00:00,27.35928
Bandar-E-Lengeh,2000-03-16 12:00:00,19.813934
Bandar-E-Lengeh,2000-04-16 00:00:00,8.7507305
Bandar-E-Lengeh,2000-05-16 12:00:00,0.08591361
Bandar-E-Lengeh,2000-06-16 00:00:00,0.0
Bandar-E-Lengeh,2000-07-16 12:00:00,0.0
Bandar-E-Lengeh,2000-08-16 12:00:00,0.0
Bandar-E-Lengeh,2000-09-16 00:00:00,0.0
Bandar-E-Lengeh,2000-10-16 12:00:00,2.7525311e-05
Bandar-E-Lengeh,2000-11-16 00:00:00,6.3716307
Bandar-E-Lengeh,2000-12-16 12:00:00,19.919931
Bandar-E-Lengeh,2001-01-16 12:00:00,43.148582
Bandar-E-Lengeh,2001-02-15 00:00:00,21.517963
Bandar-E-Lengeh,2001-03-16 12:00:00,32.1472
Bandar-E-Lengeh,2001-04-16 00:00:00,11.233094
Bandar-E-Lengeh,2001-05-16 12:00:00,0.4646988
Bandar-E-Lengeh,2001-06-16 00:00:00,0.0
Bandar-E-Lengeh,2001-07-16 12:00:00,0.0
Bandar-E-Lengeh,2001-08-16 12:00:00,0.0
Bandar-E-Lengeh,2001-09-16 00:00:00,0.0
Bandar-E-Lengeh,2001-10-16 12:00:00,0.0
Bandar-E-Lengeh,2001-11-16 00:00:00,2.3592343
Bandar-E-Lengeh,2001-12-16 12:00:00,26.418056
Bandar-E-Lengeh,2002-01-16 12:00:00,33.136883
Bandar-E-Lengeh,2002-02-15 00:00:00,18.787935
Bandar-E-Lengeh,2002-03-16 12:00:00,21.914572
Bandar-E-Lengeh,2002-04-16 00:00:00,7.957271
Bandar-E-Lengeh,2002-05-16 12:00:00,0.6480432
Bandar-E-Lengeh,2002-06-16 00:00:00,0.0
Bandar-E-Lengeh,2002-07-16 12:00:00,0.0
Bandar-E-Lengeh,2002-08-16 12:00:00,0.0
Bandar-E-Lengeh,2002-09-16 00:00:00,0.0
Bandar-E-Lengeh,2002-10-16 12:00:00,0.0014266373
Bandar-E-Lengeh,2002-11-16 00:00:00,7.4693923
Bandar-E-Lengeh,2002-12-16 12:00:00,39.455456
Bandar-E-Lengeh,2003-01-16 12:00:00,26.692385
Bandar-E-Lengeh,2003-02-15 00:00:00,24.703474
Bandar-E-Lengeh,2003-03-16 12:00:00,24.61279
Bandar-E-Lengeh,2003-04-16 00:00:00,9.55924
Bandar-E-Lengeh,2003-05-16 12:00:00,0.10323398
Bandar-E-Lengeh,2003-06-16 00:00:00,0.0
Bandar-E-Lengeh,2003-07-16 12:00:00,0.0
Bandar-E-Lengeh,2003-08-16 12:00:00,0.0
Bandar-E-Lengeh,2003-09-16 00:00:00,0.0
Bandar-E-Lengeh,2003-10-16 12:00:00,0.0
Bandar-E-Lengeh,2003-11-16 00:00:00,2.3073392
Bandar-E-Lengeh,2003-12-16 12:00:00,29.396984
Bandar-E-Lengeh,2004-01-16 12:00:00,36.781273
Bandar-E-Lengeh,2004-02-15 12:00:00,24.185091
Bandar-E-Lengeh,2004-03-16 12:00:00,24.677944
Bandar-E-Lengeh,2004-04-16 00:00:00,7.9232106
Bandar-E-Lengeh,2004-05-16 12:00:00,0.94649935
Bandar-E-Lengeh,2004-06-16 00:00:00,0.0
Bandar-E-Lengeh,2004-07-16 12:00:00,0.0
Bandar-E-Lengeh,2004-08-16 12:00:00,0.0
Bandar-E-Lengeh,2004-09-16 00:00:00,0.0
Bandar-E-Lengeh,2004-10-16 12:00:00,0.0
Bandar-E-Lengeh,2004-11-16 00:00:00,2.5557623
Bandar-E-Lengeh,2004-12-16 12:00:00,27.629148
Bandar-E-Lengeh,2005-01-16 12:00:00,28.27622
Bandar-E-Lengeh,2005-02-15 00:00:00,20.938534
Bandar-E-Lengeh,2005-03-16 12:00:00,17.166193
Bandar-E-Lengeh,2005-04-16 00:00:00,7.443004
Bandar-E-Lengeh,2005-05-16 12:00:00,0.07934968
Bandar-E-Lengeh,2005-06-16 00:00:00,0.0
Bandar-E-Lengeh,2005-07-16 12:00:00,0.0
Bandar-E-Lengeh,2005-08-16 12:00:00,0.0
Bandar-E-Lengeh,2005-09-16 00:00:00,0.0
Bandar-E-Lengeh,2005-10-16 12:00:00,0.0007218773
Bandar-E-Lengeh,2005-11-16 00:00:00,3.757233
Bandar-E-Lengeh,2005-12-16 12:00:00,15.381431
Bandar-E-Lengeh,2006-01-16 12:00:00,28.228098
Bandar-E-Lengeh,2006-02-15 00:00:00,27.17618
Bandar-E-Lengeh,2006-03-16 12:00:00,26.26388
Bandar-E-Lengeh,2006-04-16 00:00:00,12.912272
Bandar-E-Lengeh,2006-05-16 12:00:00,0.20050882
Bandar-E-Lengeh,2006-06-16 00:00:00,0.0
Bandar-E-Lengeh,2006-07-16 12:00:00,0.0
Bandar-E-Lengeh,2006-08-16 12:00:00,0.0
Bandar-E-Lengeh,2006-09-16 00:00:00,0.0
Bandar-E-Lengeh,2006-10-16 12:00:00,0.0
Bandar-E-Lengeh,2006-11-16 00:00:00,6.479637
Bandar-E-Lengeh,2006-12-16 12:00:00,25.77879
Bandar-E-Lengeh,2007-01-16 12:00:00,31.434103
Bandar-E-Lengeh,2007-02-15 00:00:00,22.73007
Bandar-E-Lengeh,2007-03-16 12:00:00,21.644876
Bandar-E-Lengeh,2007-04-16 00:00:00,18.040054
Bandar-E-Lengeh,2007-05-16 12:00:00,0.23047473
Bandar-E-Lengeh,2007-06-16 00:00:00,0.0
Bandar-E-Lengeh,2007-07-16 12:00:00,0.0
Bandar-E-Lengeh,2007-08-16 12:00:00,0.0
Bandar-E-Lengeh,2007-09-16 00:00:00,0.0
Bandar-E-Lengeh,2007-10-16 12:00:00,0.0
Bandar-E-Lengeh,2007-11-16 00:00:00,5.95322
Bandar-E-Lengeh,2007-12-16 12:00:00,28.215584
Bandar-E-Lengeh,2008-01-16 12:00:00,34.819664
Bandar-E-Lengeh,2008-02-15 12:00:00,49.747482
Bandar-E-Lengeh,2008-03-16 12:00:00,23.994755
Bandar-E-Lengeh,2008-04-16 00:00:00,7.6590896
Bandar-E-Lengeh,2008-05-16 12:00:00,0.12758826
Bandar-E-Lengeh,2008-06-16 00:00:00,0.0
Bandar-E-Lengeh,2008-07-16 12:00:00,0.0
Bandar-E-Lengeh,2008-08-16 12:00:00,0.0
Bandar-E-Lengeh,2008-09-16 00:00:00,0.0
Bandar-E-Lengeh,2008-10-16 12:00:00,0.0
Bandar-E-Lengeh,2008-11-16 00:00:00,5.6762066
Bandar-E-Lengeh,2008-12-16 12:00:00,39.61552
Bandar-E-Lengeh,2009-01-16 12:00:00,29.20391
Bandar-E-Lengeh,2009-02-15 00:00:00,11.159592
Bandar-E-Lengeh,2009-03-16 12:00:00,23.281208
Bandar-E-Lengeh,2009-04-16 00:00:00,11.4358635
Bandar-E-Lengeh,2009-05-16 12:00:00,0.08363174
Bandar-E-Lengeh,2009-06-16 00:00:00,0.0
Bandar-E-Lengeh,2009-07-16 12:00:00,0.0
Bandar-E-Lengeh,2009-08-16 12:00:00,0.0
Bandar-E-Lengeh,2009-09-16 00:00:00,0.0
Bandar-E-Lengeh,2009-10-16 12:00:00,0.0032951436
Bandar-E-Lengeh,2009-11-16 00:00:00,7.984621
Bandar-E-Lengeh,2009-12-16 12:00:00,29.519342
Bandar-E-Lengeh,2010-01-16 12:00:00,30.961437
Bandar-E-Lengeh,2010-02-15 00:00:00,24.571198
Bandar-E-Lengeh,2010-03-16 12:00:00,12.942828
Bandar-E-Lengeh,2010-04-16 00:00:00,29.204094
Bandar-E-Lengeh,2010-05-16 12:00:00,0.85566014
Bandar-E-Lengeh,2010-06-16 00:00:00,0.0
Bandar-E-Lengeh,2010-07-16 12:00:00,0.0
Bandar-E-Lengeh,2010-08-16 12:00:00,0.0
Bandar-E-Lengeh,2010-09-16 00:00:00,0.0
Bandar-E-Lengeh,2010-10-16 12:00:00,0.0021506692
Bandar-E-Lengeh,2010-11-16 00:00:00,7.9718184
Bandar-E-Lengeh,2010-12-16 12:00:00,27.02497
Bandar-E-Lengeh,2011-01-16 12:00:00,34.978104
Bandar-E-Lengeh,2011-02-15 00:00:00,24.944012
Bandar-E-Lengeh,2011-03-16 12:00:00,24.210098
Bandar-E-Lengeh,2011-04-16 00:00:00,9.204119
Bandar-E-Lengeh,2011-05-16 12:00:00,0.39040694
Bandar-E-Lengeh,2011-06-16 00:00:00,0.0
Bandar-E-Lengeh,2011-07-16 12:00:00,0.0
Bandar-E-Lengeh,2011-08-16 12:00:00,0.0
Bandar-E-Lengeh,2011-09-16 00:00:00,0.0
Bandar-E-Lengeh,2011-10-16 12:00:00,0.0
Bandar-E-Lengeh,2011-11-16 00:00:00,6.571681
Bandar-E-Lengeh,2011-12-16 12:00:00,33.711823
Bandar-E-Lengeh,2012-01-16 12:00:00,43.853317
Bandar-E-Lengeh,2012-02-15 12:00:00,28.483488
Bandar-E-Lengeh,2012-03-16 12:00:00,19.97816
Bandar-E-Lengeh,2012-04-16 00:00:00,9.906538
Bandar-E-Lengeh,2012-05-16 12:00:00,0.23943645
Bandar-E-Lengeh,2012-06-16 00:00:00,0.0
Bandar-E-Lengeh,2012-07-16 12:00:00,0.0
Bandar-E-Lengeh,2012-08-16 12:00:00,0.0
Bandar-E-Lengeh,2012-09-16 00:00:00,0.0
Bandar-E-Lengeh,2012-10-16 12:00:00,0.00094759365
Bandar-E-Lengeh,2012-11-16 00:00:00,7.0333896
Bandar-E-Lengeh,2012-12-16 12:00:00,28.603508
Bandar-E-Lengeh,2013-01-16 12:00:00,27.413769
Bandar-E-Lengeh,2013-02-15 00:00:00,25.188812
Bandar-E-Lengeh,2013-03-16 12:00:00,16.09319
Bandar-E-Lengeh,2013-04-16 00:00:00,13.39849
Bandar-E-Lengeh,2013-05-16 12:00:00,0.7067483
Bandar-E-Lengeh,2013-06-16 00:00:00,0.0
Bandar-E-Lengeh,2013-07-16 12:00:00,0.0
Bandar-E-Lengeh,2013-08-16 12:00:00,0.0
Bandar-E-Lengeh,2013-09-16 00:00:00,0.0
Bandar-E-Lengeh,2013-10-16 12:00:00,0.0
Bandar-E-Lengeh,2013-11-16 00:00:00,2.1084332
Bandar-E-Lengeh,2013-12-16 12:00:00,28.394733
Bandar-E-Lengeh,2014-01-16 12:00:00,33.80976
Bandar-E-Lengeh,2014-02-15 00:00:00,18.886215
Bandar-E-Lengeh,2014-03-16 12:00:00,20.013296
Bandar-E-Lengeh,2014-04-16 00:00:00,12.327298
Bandar-E-Lengeh,2014-05-16 12:00:00,0.17809345
Bandar-E-Lengeh,2014-06-16 00:00:00,0.0
Bandar-E-Lengeh,2014-07-16 12:00:00,0.0
Bandar-E-Lengeh,2014-08-16 12:00:00,0.0
Bandar-E-Lengeh,2014-09-16 00:00:00,0.0
Bandar-E-Lengeh,2014-10-16 12:00:00,0.0
Bandar-E-Lengeh,2014-11-16 00:00:00,5.7677445
Bandar-E-Lengeh,2014-12-16 12:00:00,14.449214
