Station,Date,Precipitation
Esfahan (Airport),1985-01-16 12:00:00,17.1525
Esfahan (Airport),1985-02-15 00:00:00,15.864198
Esfahan (Airport),1985-03-16 12:00:00,24.570795
Esfahan (Airport),1985-04-16 00:00:00,23.609661
Esfahan (Airport),1985-05-16 12:00:00,13.1794195
Esfahan (Airport),1985-06-16 00:00:00,0.38980561
Esfahan (Airport),1985-07-16 12:00:00,0.0
Esfahan (Airport),1985-08-16 12:00:00,0.0
Esfahan (Airport),1985-09-16 00:00:00,0.0
Esfahan (Airport),1985-10-16 12:00:00,2.4509702
Esfahan (Airport),1985-11-16 00:00:00,16.707075
Esfahan (Airport),1985-12-16 12:00:00,20.396994
Esfahan (Airport),1986-01-16 12:00:00,17.030945
Esfahan (Airport),1986-02-15 00:00:00,14.399462
Esfahan (Airport),1986-03-16 12:00:00,31.320532
Esfahan (Airport),1986-04-16 00:00:00,24.540733
Esfahan (Airport),1986-05-16 12:00:00,18.117048
Esfahan (Airport),1986-06-16 00:00:00,1.0179816
Esfahan (Airport),1986-07-16 12:00:00,0.0
Esfahan (Airport),1986-08-16 12:00:00,0.0
Esfahan (Airport),1986-09-16 00:00:00,0.0
Esfahan (Airport),1986-10-16 12:00:00,1.8409917
Esfahan (Airport),1986-11-16 00:00:00,20.147505
Esfahan (Airport),1986-12-16 12:00:00,21.187874
Esfahan (Airport),1987-01-16 12:00:00,17.646694
Esfahan (Airport),1987-02-15 00:00:00,14.186797
Esfahan (Airport),1987-03-16 12:00:00,27.650303
Esfahan (Airport),1987-04-16 00:00:00,32.041077
Esfahan (Airport),1987-05-16 12:00:00,6.6670527
Esfahan (Airport),1987-06-16 00:00:00,1.151934
Esfahan (Airport),1987-07-16 12:00:00,0.0
Esfahan (Airport),1987-08-16 12:00:00,0.0
Esfahan (Airport),1987-09-16 00:00:00,0.0
Esfahan (Airport),1987-10-16 12:00:00,3.1194115
Esfahan (Airport),1987-11-16 00:00:00,13.608653
Esfahan (Airport),1987-12-16 12:00:00,22.517546
Esfahan (Airport),1988-01-16 12:00:00,19.07135
Esfahan (Airport),1988-02-15 12:00:00,18.807734
Esfahan (Airport),1988-03-16 12:00:00,28.772718
Esfahan (Airport),1988-04-16 00:00:00,24.399582
Esfahan (Airport),1988-05-16 12:00:00,16.325129
Esfahan (Airport),1988-06-16 00:00:00,0.14341436
Esfahan (Airport),1988-07-16 12:00:00,0.0
Esfahan (Airport),1988-08-16 12:00:00,0.0
Esfahan (Airport),1988-09-16 00:00:00,0.0
Esfahan (Airport),1988-10-16 12:00:00,1.447771
Esfahan (Airport),1988-11-16 00:00:00,15.197779
Esfahan (Airport),1988-12-16 12:00:00,21.284204
Esfahan (Airport),1989-01-16 12:00:00,21.84322
Esfahan (Airport),1989-02-15 00:00:00,18.976278
Esfahan (Airport),1989-03-16 12:00:00,24.43077
Esfahan (Airport),1989-04-16 00:00:00,22.98073
Esfahan (Airport),1989-05-16 12:00:00,16.211699
Esfahan (Airport),1989-06-16 00:00:00,0.34958604
Esfahan (Airport),1989-07-16 12:00:00,0.0
Esfahan (Airport),1989-08-16 12:00:00,0.0
Esfahan (Airport),1989-09-16 00:00:00,0.0
Esfahan (Airport),1989-10-16 12:00:00,3.3060942
Esfahan (Airport),1989-11-16 00:00:00,18.799145
Esfahan (Airport),1989-12-16 12:00:00,18.74497
Esfahan (Airport),1990-01-16 12:00:00,23.3878
Esfahan (Airport),1990-02-15 00:00:00,16.429953
Esfahan (Airport),1990-03-16 12:00:00,26.725166
Esfahan (Airport),1990-04-16 00:00:00,30.90182
Esfahan (Airport),1990-05-16 12:00:00,14.416752
Esfahan (Airport),1990-06-16 00:00:00,0.5420979
Esfahan (Airport),1990-07-16 12:00:00,0.0
Esfahan (Airport),1990-08-16 12:00:00,0.0
Esfahan (Airport),1990-09-16 00:00:00,0.0
Esfahan (Airport),1990-10-16 12:00:00,5.322798
Esfahan (Airport),1990-11-16 00:00:00,20.764183
Esfahan (Airport),1990-12-16 12:00:00,23.958223
Esfahan (Airport),1991-01-16 12:00:00,19.673857
Esfahan (Airport),1991-02-15 00:00:00,20.222366
Esfahan (Airport),1991-03-16 12:00:00,26.182394
Esfahan (Airport),1991-04-16 00:00:00,28.606302
Esfahan (Airport),1991-05-16 12:00:00,15.047957
Esfahan (Airport),1991-06-16 00:00:00,0.9120166
Esfahan (Airport),1991-07-16 12:00:00,0.0
Esfahan (Airport),1991-08-16 12:00:00,0.0
Esfahan (Airport),1991-09-16 00:00:00,0.0
Esfahan (Airport),1991-10-16 12:00:00,3.8325558
Esfahan (Airport),1991-11-16 00:00:00,7.9909635
Esfahan (Airport),1991-12-16 12:00:00,18.796122
Esfahan (Airport),1992-01-16 12:00:00,26.397556
Esfahan (Airport),1992-02-15 12:00:00,15.569672
Esfahan (Airport),1992-03-16 12:00:00,23.44177
Esfahan (Airport),1992-04-16 00:00:00,21.375776
Esfahan (Airport),1992-05-16 12:00:00,16.879557
Esfahan (Airport),1992-06-16 00:00:00,1.120351
Esfahan (Airport),1992-07-16 12:00:00,0.0
Esfahan (Airport),1992-08-16 12:00:00,0.0
Esfahan (Airport),1992-09-16 00:00:00,0.0
Esfahan (Airport),1992-10-16 12:00:00,2.8594594
Esfahan (Airport),1992-11-16 00:00:00,20.676548
Esfahan (Airport),1992-12-16 12:00:00,23.527184
Esfahan (Airport),1993-01-16 12:00:00,24.605228
Esfahan (Airport),1993-02-15 00:00:00,20.814981
Esfahan (Airport),1993-03-16 12:00:00,32.08336
Esfahan (Airport),1993-04-16 00:00:00,31.808414
Esfahan (Airport),1993-05-16 12:00:00,18.169073
Esfahan (Airport),1993-06-16 00:00:00,0.7393336
Esfahan (Airport),1993-07-16 12:00:00,0.0
Esfahan (Airport),1993-08-16 12:00:00,0.0
Esfahan (Airport),1993-09-16 00:00:00,0.0
Esfahan (Airport),1993-10-16 12:00:00,3.2626972
Esfahan (Airport),1993-11-16 00:00:00,13.910491
Esfahan (Airport),1993-12-16 12:00:00,28.537489
Esfahan (Airport),1994-01-16 12:00:00,19.988098
Esfahan (Airport),1994-02-15 00:00:00,17.375105
Esfahan (Airport),1994-03-16 12:00:00,29.950247
Esfahan (Airport),1994-04-16 00:00:00,28.576872
Esfahan (Airport),1994-05-16 12:00:00,18.140358
Esfahan (Airport),1994-06-16 00:00:00,1.4622777
Esfahan (Airport),1994-07-16 12:00:00,0.0
Esfahan (Airport),1994-08-16 12:00:00,0.0
Esfahan (Airport),1994-09-16 00:00:00,0.0
Esfahan (Airport),1994-10-16 12:00:00,2.4794219
Esfahan (Airport),1994-11-16 00:00:00,18.807352
Esfahan (Airport),1994-12-16 12:00:00,18.98106
Esfahan (Airport),1995-01-16 12:00:00,22.553123
Esfahan (Airport),1995-02-15 00:00:00,20.848066
Esfahan (Airport),1995-03-16 12:00:00,25.745234
Esfahan (Airport),1995-04-16 00:00:00,28.252338
Esfahan (Airport),1995-05-16 12:00:00,14.938812
Esfahan (Airport),1995-06-16 00:00:00,0.8995937
Esfahan (Airport),1995-07-16 12:00:00,0.0
Esfahan (Airport),1995-08-16 12:00:00,0.0
Esfahan (Airport),1995-09-16 00:00:00,0.0
Esfahan (Airport),1995-10-16 12:00:00,3.7519178
Esfahan (Airport),1995-11-16 00:00:00,14.104483
Esfahan (Airport),1995-12-16 12:00:00,21.827822
Esfahan (Airport),1996-01-16 12:00:00,22.135345
Esfahan (Airport),1996-02-15 12:00:00,18.896847
Esfahan (Airport),1996-03-16 12:00:00,25.425222
Esfahan (Airport),1996-04-16 00:00:00,21.534346
Esfahan (Airport),1996-05-16 12:00:00,11.892259
Esfahan (Airport),1996-06-16 00:00:00,0.07570373
Esfahan (Airport),1996-07-16 12:00:00,0.0
Esfahan (Airport),1996-08-16 12:00:00,0.0
Esfahan (Airport),1996-09-16 00:00:00,0.0
Esfahan (Airport),1996-10-16 12:00:00,2.6873543
Esfahan (Airport),1996-11-16 00:00:00,16.128574
Esfahan (Airport),1996-12-16 12:00:00,22.003311
Esfahan (Airport),1997-01-16 12:00:00,22.294819
Esfahan (Airport),1997-02-15 00:00:00,17.453995
Esfahan (Airport),1997-03-16 12:00:00,25.152742
Esfahan (Airport),1997-04-16 00:00:00,32.30128
Esfahan (Airport),1997-05-16 12:00:00,19.24576
Esfahan (Airport),1997-06-16 00:00:00,0.5909082
Esfahan (Airport),1997-07-16 12:00:00,0.0
Esfahan (Airport),1997-08-16 12:00:00,0.0
Esfahan (Airport),1997-09-16 00:00:00,0.0
Esfahan (Airport),1997-10-16 12:00:00,3.3933692
Esfahan (Airport),1997-11-16 00:00:00,17.833925
Esfahan (Airport),1997-12-16 12:00:00,19.083118
Esfahan (Airport),1998-01-16 12:00:00,21.173891
Esfahan (Airport),1998-02-15 00:00:00,14.79213
Esfahan (Airport),1998-03-16 12:00:00,28.974405
Esfahan (Airport),1998-04-16 00:00:00,27.142687
Esfahan (Airport),1998-05-16 12:00:00,12.461211
Esfahan (Airport),1998-06-16 00:00:00,0.958286
Esfahan (Airport),1998-07-16 12:00:00,0.0
Esfahan (Airport),1998-08-16 12:00:00,0.0
Esfahan (Airport),1998-09-16 00:00:00,0.0
Esfahan (Airport),1998-10-16 12:00:00,3.2754097
Esfahan (Airport),1998-11-16 00:00:00,15.459653
Esfahan (Airport),1998-12-16 12:00:00,18.493322
Esfahan (Airport),1999-01-16 12:00:00,19.455837
Esfahan (Airport),1999-02-15 00:00:00,13.632091
Esfahan (Airport),1999-03-16 12:00:00,31.607197
Esfahan (Airport),1999-04-16 00:00:00,26.118969
Esfahan (Airport),1999-05-16 12:00:00,11.6576
Esfahan (Airport),1999-06-16 00:00:00,0.8620087
Esfahan (Airport),1999-07-16 12:00:00,0.0
Esfahan (Airport),1999-08-16 12:00:00,0.0
Esfahan (Airport),1999-09-16 00:00:00,0.0
Esfahan (Airport),1999-10-16 12:00:00,1.1310226
Esfahan (Airport),1999-11-16 00:00:00,18.253027
Esfahan (Airport),1999-12-16 12:00:00,21.318401
Esfahan (Airport),2000-01-16 12:00:00,15.650455
Esfahan (Airport),2000-02-15 12:00:00,16.53405
Esfahan (Airport),2000-03-16 12:00:00,23.012064
Esfahan (Airport),2000-04-16 00:00:00,26.387384
Esfahan (Airport),2000-05-16 12:00:00,7.7338557
Esfahan (Airport),2000-06-16 00:00:00,0.51021504
Esfahan (Airport),2000-07-16 12:00:00,0.0
Esfahan (Airport),2000-08-16 12:00:00,0.0
Esfahan (Airport),2000-09-16 00:00:00,0.0
Esfahan (Airport),2000-10-16 12:00:00,2.836227
Esfahan (Airport),2000-11-16 00:00:00,16.261154
Esfahan (Airport),2000-12-16 12:00:00,23.289053
Esfahan (Airport),2001-01-16 12:00:00,25.350685
Esfahan (Airport),2001-02-15 00:00:00,18.767399
Esfahan (Airport),2001-03-16 12:00:00,27.639109
Esfahan (Airport),2001-04-16 00:00:00,25.117096
Esfahan (Airport),2001-05-16 12:00:00,11.223428
Esfahan (Airport),2001-06-16 00:00:00,2.1289473
Esfahan (Airport),2001-07-16 12:00:00,0.0
Esfahan (Airport),2001-08-16 12:00:00,0.0
Esfahan (Airport),2001-09-16 00:00:00,0.0
Esfahan (Airport),2001-10-16 12:00:00,2.2294052
Esfahan (Airport),2001-11-16 00:00:00,15.195086
Esfahan (Airport),2001-12-16 12:00:00,27.560072
Esfahan (Airport),2002-01-16 12:00:00,21.448206
Esfahan (Airport),2002-02-15 00:00:00,14.380537
Esfahan (Airport),2002-03-16 12:00:00,22.301947
Esfahan (Airport),2002-04-16 00:00:00,24.859543
Esfahan (Airport),2002-05-16 12:00:00,16.52107
Esfahan (Airport),2002-06-16 00:00:00,0.29144084
Esfahan (Airport),2002-07-16 12:00:00,0.0
Esfahan (Airport),2002-08-16 12:00:00,0.0
Esfahan (Airport),2002-09-16 00:00:00,0.0
Esfahan (Airport),2002-10-16 12:00:00,3.4742553
Esfahan (Airport),2002-11-16 00:00:00,11.946613
Esfahan (Airport),2002-12-16 12:00:00,24.383545
Esfahan (Airport),2003-01-16 12:00:00,23.168259
Esfahan (Airport),2003-02-15 00:00:00,17.075396
Esfahan (Airport),2003-03-16 12:00:00,27.001146
Esfahan (Airport),2003-04-16 00:00:00,28.77847
Esfahan (Airport),2003-05-16 12:00:00,12.755022
Esfahan (Airport),2003-06-16 00:00:00,0.56962115
Esfahan (Airport),2003-07-16 12:00:00,0.0
Esfahan (Airport),2003-08-16 12:00:00,0.0
Esfahan (Airport),2003-09-16 00:00:00,0.0
Esfahan (Airport),2003-10-16 12:00:00,2.4815004
Esfahan (Airport),2003-11-16 00:00:00,22.286844
Esfahan (Airport),2003-12-16 12:00:00,21.564678
Esfahan (Airport),2004-01-16 12:00:00,22.510113
Esfahan (Airport),2004-02-15 12:00:00,16.818483
Esfahan (Airport),2004-03-16 12:00:00,22.774603
Esfahan (Airport),2004-04-16 00:00:00,38.70808
Esfahan (Airport),2004-05-16 12:00:00,20.619852
Esfahan (Airport),2004-06-16 00:00:00,1.0630596
Esfahan (Airport),2004-07-16 12:00:00,0.0
Esfahan (Airport),2004-08-16 12:00:00,0.0
Esfahan (Airport),2004-09-16 00:00:00,0.0
Esfahan (Airport),2004-10-16 12:00:00,4.2342734
Esfahan (Airport),2004-11-16 00:00:00,16.198627
Esfahan (Airport),2004-12-16 12:00:00,23.003641
Esfahan (Airport),2005-01-16 12:00:00,27.511833
Esfahan (Airport),2005-02-15 00:00:00,12.627999
Esfahan (Airport),2005-03-16 12:00:00,21.601324
Esfahan (Airport),2005-04-16 00:00:00,24.49988
Esfahan (Airport),2005-05-16 12:00:00,11.638329
Esfahan (Airport),2005-06-16 00:00:00,0.49713197
Esfahan (Airport),2005-07-16 12:00:00,0.0
Esfahan (Airport),2005-08-16 12:00:00,0.0
Esfahan (Airport),2005-09-16 00:00:00,0.0
Esfahan (Airport),2005-10-16 12:00:00,2.8441303
Esfahan (Airport),2005-11-16 00:00:00,16.139957
Esfahan (Airport),2005-12-16 12:00:00,19.78414
Esfahan (Airport),2006-01-16 12:00:00,20.491426
Esfahan (Airport),2006-02-15 00:00:00,20.05035
Esfahan (Airport),2006-03-16 12:00:00,26.785807
Esfahan (Airport),2006-04-16 00:00:00,27.573246
Esfahan (Airport),2006-05-16 12:00:00,12.334585
Esfahan (Airport),2006-06-16 00:00:00,0.8811908
Esfahan (Airport),2006-07-16 12:00:00,0.0
Esfahan (Airport),2006-08-16 12:00:00,0.0
Esfahan (Airport),2006-09-16 00:00:00,0.0
Esfahan (Airport),2006-10-16 12:00:00,1.9771926
Esfahan (Airport),2006-11-16 00:00:00,19.453148
Esfahan (Airport),2006-12-16 12:00:00,23.17898
Esfahan (Airport),2007-01-16 12:00:00,18.495325
Esfahan (Airport),2007-02-15 00:00:00,13.388062
Esfahan (Airport),2007-03-16 12:00:00,27.646656
Esfahan (Airport),2007-04-16 00:00:00,32.09754
Esfahan (Airport),2007-05-16 12:00:00,14.717191
Esfahan (Airport),2007-06-16 00:00:00,0.6640417
Esfahan (Airport),2007-07-16 12:00:00,0.0
Esfahan (Airport),2007-08-16 12:00:00,0.0
Esfahan (Airport),2007-09-16 00:00:00,0.0
Esfahan (Airport),2007-10-16 12:00:00,2.4645247
Esfahan (Airport),2007-11-16 00:00:00,12.530812
Esfahan (Airport),2007-12-16 12:00:00,19.109184
Esfahan (Airport),2008-01-16 12:00:00,23.685865
Esfahan (Airport),2008-02-15 12:00:00,18.832859
Esfahan (Airport),2008-03-16 12:00:00,25.68844
Esfahan (Airport),2008-04-16 00:00:00,25.619371
Esfahan (Airport),2008-05-16 12:00:00,16.228292
Esfahan (Airport),2008-06-16 00:00:00,0.9020267
Esfahan (Airport),2008-07-16 12:00:00,0.0
Esfahan (Airport),2008-08-16 12:00:00,0.0
Esfahan (Airport),2008-09-16 00:00:00,0.0
Esfahan (Airport),2008-10-16 12:00:00,2.3449922
Esfahan (Airport),2008-11-16 00:00:00,16.456818
Esfahan (Airport),2008-12-16 12:00:00,26.599981
Esfahan (Airport),2009-01-16 12:00:00,23.069197
Esfahan (Airport),2009-02-15 00:00:00,14.427438
Esfahan (Airport),2009-03-16 12:00:00,26.307228
Esfahan (Airport),2009-04-16 00:00:00,20.567705
Esfahan (Airport),2009-05-16 12:00:00,15.384816
Esfahan (Airport),2009-06-16 00:00:00,1.3508455
Esfahan (Airport),2009-07-16 12:00:00,0.0
Esfahan (Airport),2009-08-16 12:00:00,0.0
Esfahan (Airport),2009-09-16 00:00:00,0.0
Esfahan (Airport),2009-10-16 12:00:00,3.754069
Esfahan (Airport),2009-11-16 00:00:00,22.16193
Esfahan (Airport),2009-12-16 12:00:00,25.665955
Esfahan (Airport),2010-01-16 12:00:00,21.44206
Esfahan (Airport),2010-02-15 00:00:00,18.61001
Esfahan (Airport),2010-03-16 12:00:00,24.430819
Esfahan (Airport),2010-04-16 00:00:00,32.241478
Esfahan (Airport),2010-05-16 12:00:00,12.83686
Esfahan (Airport),2010-06-16 00:00:00,1.5128227
Esfahan (Airport),2010-07-16 12:00:00,0.0
Esfahan (Airport),2010-08-16 12:00:00,0.0
Esfahan (Airport),2010-09-16 00:00:00,0.0
Esfahan (Airport),2010-10-16 12:00:00,4.1193967
Esfahan (Airport),2010-11-16 00:00:00,15.6398
Esfahan (Airport),2010-12-16 12:00:00,20.943586
Esfahan (Airport),2011-01-16 12:00:00,20.250113
Esfahan (Airport),2011-02-15 00:00:00,19.91554
Esfahan (Airport),2011-03-16 12:00:00,29.074156
Esfahan (Airport),2011-04-16 00:00:00,28.366482
Esfahan (Airport),2011-05-16 12:00:00,12.449266
Esfahan (Airport),2011-06-16 00:00:00,0.29686797
Esfahan (Airport),2011-07-16 12:00:00,0.0
Esfahan (Airport),2011-08-16 12:00:00,0.0
Esfahan (Airport),2011-09-16 00:00:00,0.0
Esfahan (Airport),2011-10-16 12:00:00,4.4640145
Esfahan (Airport),2011-11-16 00:00:00,20.454662
Esfahan (Airport),2011-12-16 12:00:00,30.39099
Esfahan (Airport),2012-01-16 12:00:00,26.233038
Esfahan (Airport),2012-02-15 12:00:00,20.790104
Esfahan (Airport),2012-03-16 12:00:00,27.731539
Esfahan (Airport),2012-04-16 00:00:00,29.748827
Esfahan (Airport),2012-05-16 12:00:00,16.229734
Esfahan (Airport),2012-06-16 00:00:00,0.7268688
Esfahan (Airport),2012-07-16 12:00:00,0.0
Esfahan (Airport),2012-08-16 12:00:00,0.0
Esfahan (Airport),2012-09-16 00:00:00,0.0
Esfahan (Airport),2012-10-16 12:00:00,6.195564
Esfahan (Airport),2012-11-16 00:00:00,23.387522
Esfahan (Airport),2012-12-16 12:00:00,25.811579
Esfahan (Airport),2013-01-16 12:00:00,22.580893
Esfahan (Airport),2013-02-15 00:00:00,18.56892
Esfahan (Airport),2013-03-16 12:00:00,17.254976
Esfahan (Airport),2013-04-16 00:00:00,28.112074
Esfahan (Airport),2013-05-16 12:00:00,14.55207
Esfahan (Airport),2013-06-16 00:00:00,0.75654095
Esfahan (Airport),2013-07-16 12:00:00,0.0
Esfahan (Airport),2013-08-16 12:00:00,0.0
Esfahan (Airport),2013-09-16 00:00:00,0.0
Esfahan (Airport),2013-10-16 12:00:00,3.28215
Esfahan (Airport),2013-11-16 00:00:00,18.963696
Esfahan (Airport),2013-12-16 12:00:00,19.738932
Esfahan (Airport),2014-01-16 12:00:00,27.470098
Esfahan (Airport),2014-02-15 00:00:00,20.07646
Esfahan (Airport),2014-03-16 12:00:00,25.190916
Esfahan (Airport),2014-04-16 00:00:00,26.165173
Esfahan (Airport),2014-05-16 12:00:00,14.8000765
Esfahan (Airport),2014-06-16 00:00:00,0.4824477
Esfahan (Airport),2014-07-16 12:00:00,0.0
Esfahan (Airport),2014-08-16 12:00:00,0.0
Esfahan (Airport),2014-09-16 00:00:00,0.0
Esfahan (Airport),2014-10-16 12:00:00,2.519934
Esfahan (Airport),2014-11-16 00:00:00,20.327337
Esfahan (Airport),2014-12-16 12:00:00,21.4633
