Station,Date,Precipitation
Hamedan (Airport),1985-01-16 12:00:00,37.631428
Hamedan (Airport),1985-02-15 00:00:00,34.67172
Hamedan (Airport),1985-03-16 12:00:00,57.874546
Hamedan (Airport),1985-04-16 00:00:00,48.099377
Hamedan (Airport),1985-05-16 12:00:00,39.07623
Hamedan (Airport),1985-06-16 00:00:00,2.870273
Hamedan (Airport),1985-07-16 12:00:00,0.0
Hamedan (Airport),1985-08-16 12:00:00,0.0
Hamedan (Airport),1985-09-16 00:00:00,0.1231004
Hamedan (Airport),1985-10-16 12:00:00,26.129028
Hamedan (Airport),1985-11-16 00:00:00,44.257816
Hamedan (Airport),1985-12-16 12:00:00,45.397316
Hamedan (Airport),1986-01-16 12:00:00,40.5717
Hamedan (Airport),1986-02-15 00:00:00,45.29851
Hamedan (Airport),1986-03-16 12:00:00,72.71757
Hamedan (Airport),1986-04-16 00:00:00,57.627277
Hamedan (Airport),1986-05-16 12:00:00,37.841293
Hamedan (Airport),1986-06-16 00:00:00,4.0132313
Hamedan (Airport),1986-07-16 12:00:00,0.0019966736
Hamedan (Airport),1986-08-16 12:00:00,0.0
Hamedan (Airport),1986-09-16 00:00:00,0.2090731
Hamedan (Airport),1986-10-16 12:00:00,15.534608
Hamedan (Airport),1986-11-16 00:00:00,42.052635
Hamedan (Airport),1986-12-16 12:00:00,38.396336
Hamedan (Airport),1987-01-16 12:00:00,37.76864
Hamedan (Airport),1987-02-15 00:00:00,35.05813
Hamedan (Airport),1987-03-16 12:00:00,64.300835
Hamedan (Airport),1987-04-16 00:00:00,69.47842
Hamedan (Airport),1987-05-16 12:00:00,28.737194
Hamedan (Airport),1987-06-16 00:00:00,3.5740776
Hamedan (Airport),1987-07-16 12:00:00,0.016838748
Hamedan (Airport),1987-08-16 12:00:00,0.0
Hamedan (Airport),1987-09-16 00:00:00,0.62858063
Hamedan (Airport),1987-10-16 12:00:00,21.726423
Hamedan (Airport),1987-11-16 00:00:00,41.515007
Hamedan (Airport),1987-12-16 12:00:00,46.108376
Hamedan (Airport),1988-01-16 12:00:00,43.923183
Hamedan (Airport),1988-02-15 12:00:00,41.39552
Hamedan (Airport),1988-03-16 12:00:00,62.749237
Hamedan (Airport),1988-04-16 00:00:00,46.994072
Hamedan (Airport),1988-05-16 12:00:00,36.71827
Hamedan (Airport),1988-06-16 00:00:00,3.189933
Hamedan (Airport),1988-07-16 12:00:00,0.0
Hamedan (Airport),1988-08-16 12:00:00,0.0
Hamedan (Airport),1988-09-16 00:00:00,0.18238088
Hamedan (Airport),1988-10-16 12:00:00,10.59422
Hamedan (Airport),1988-11-16 00:00:00,39.469772
Hamedan (Airport),1988-12-16 12:00:00,45.30739
Hamedan (Airport),1989-01-16 12:00:00,46.0166
Hamedan (Airport),1989-02-15 00:00:00,41.561275
Hamedan (Airport),1989-03-16 12:00:00,61.75808
Hamedan (Airport),1989-04-16 00:00:00,51.346806
Hamedan (Airport),1989-05-16 12:00:00,34.09928
Hamedan (Airport),1989-06-16 00:00:00,4.205853
Hamedan (Airport),1989-07-16 12:00:00,0.0074734725
Hamedan (Airport),1989-08-16 12:00:00,0.0
Hamedan (Airport),1989-09-16 00:00:00,0.065647416
Hamedan (Airport),1989-10-16 12:00:00,18.867552
Hamedan (Airport),1989-11-16 00:00:00,50.916523
Hamedan (Airport),1989-12-16 12:00:00,37.999096
Hamedan (Airport),1990-01-16 12:00:00,46.358505
Hamedan (Airport),1990-02-15 00:00:00,36.389812
Hamedan (Airport),1990-03-16 12:00:00,57.703865
Hamedan (Airport),1990-04-16 00:00:00,62.23909
Hamedan (Airport),1990-05-16 12:00:00,29.80222
Hamedan (Airport),1990-06-16 00:00:00,2.8140507
Hamedan (Airport),1990-07-16 12:00:00,0.0
Hamedan (Airport),1990-08-16 12:00:00,0.0
Hamedan (Airport),1990-09-16 00:00:00,0.50294685
Hamedan (Airport),1990-10-16 12:00:00,22.586973
Hamedan (Airport),1990-11-16 00:00:00,52.90494
Hamedan (Airport),1990-12-16 12:00:00,52.329002
Hamedan (Airport),1991-01-16 12:00:00,50.83892
Hamedan (Airport),1991-02-15 00:00:00,54.765213
Hamedan (Airport),1991-03-16 12:00:00,66.65934
Hamedan (Airport),1991-04-16 00:00:00,62.154415
Hamedan (Airport),1991-05-16 12:00:00,37.601643
Hamedan (Airport),1991-06-16 00:00:00,2.884265
Hamedan (Airport),1991-07-16 12:00:00,0.1307258
Hamedan (Airport),1991-08-16 12:00:00,0.0
Hamedan (Airport),1991-09-16 00:00:00,0.030912092
Hamedan (Airport),1991-10-16 12:00:00,15.085203
Hamedan (Airport),1991-11-16 00:00:00,33.11101
Hamedan (Airport),1991-12-16 12:00:00,44.57431
Hamedan (Airport),1992-01-16 12:00:00,51.537956
Hamedan (Airport),1992-02-15 12:00:00,44.707806
Hamedan (Airport),1992-03-16 12:00:00,54.64277
Hamedan (Airport),1992-04-16 00:00:00,46.7355
Hamedan (Airport),1992-05-16 12:00:00,41.732616
Hamedan (Airport),1992-06-16 00:00:00,3.851106
Hamedan (Airport),1992-07-16 12:00:00,0.04001173
Hamedan (Airport),1992-08-16 12:00:00,0.0
Hamedan (Airport),1992-09-16 00:00:00,0.6601909
Hamedan (Airport),1992-10-16 12:00:00,22.886019
Hamedan (Airport),1992-11-16 00:00:00,55.294525
Hamedan (Airport),1992-12-16 12:00:00,47.180077
Hamedan (Airport),1993-01-16 12:00:00,45.29625
Hamedan (Airport),1993-02-15 00:00:00,48.12936
Hamedan (Airport),1993-03-16 12:00:00,72.38013
Hamedan (Airport),1993-04-16 00:00:00,68.62564
Hamedan (Airport),1993-05-16 12:00:00,31.749443
Hamedan (Airport),1993-06-16 00:00:00,2.6020494
Hamedan (Airport),1993-07-16 12:00:00,0.0
Hamedan (Airport),1993-08-16 12:00:00,0.0
Hamedan (Airport),1993-09-16 00:00:00,0.15704405
Hamedan (Airport),1993-10-16 12:00:00,16.333189
Hamedan (Airport),1993-11-16 00:00:00,41.53573
Hamedan (Airport),1993-12-16 12:00:00,47.761417
Hamedan (Airport),1994-01-16 12:00:00,51.034428
Hamedan (Airport),1994-02-15 00:00:00,42.092518
Hamedan (Airport),1994-03-16 12:00:00,79.123024
Hamedan (Airport),1994-04-16 00:00:00,59.531326
Hamedan (Airport),1994-05-16 12:00:00,48.009445
Hamedan (Airport),1994-06-16 00:00:00,6.029014
Hamedan (Airport),1994-07-16 12:00:00,0.0
Hamedan (Airport),1994-08-16 12:00:00,0.0
Hamedan (Airport),1994-09-16 00:00:00,0.06612236
Hamedan (Airport),1994-10-16 12:00:00,23.91488
Hamedan (Airport),1994-11-16 00:00:00,43.29869
Hamedan (Airport),1994-12-16 12:00:00,42.374004
Hamedan (Airport),1995-01-16 12:00:00,43.87526
Hamedan (Airport),1995-02-15 00:00:00,46.35962
Hamedan (Airport),1995-03-16 12:00:00,55.062386
Hamedan (Airport),1995-04-16 00:00:00,60.604153
Hamedan (Airport),1995-05-16 12:00:00,32.193226
Hamedan (Airport),1995-06-16 00:00:00,3.2179892
Hamedan (Airport),1995-07-16 12:00:00,0.0
Hamedan (Airport),1995-08-16 12:00:00,0.0
Hamedan (Airport),1995-09-16 00:00:00,0.26428488
Hamedan (Airport),1995-10-16 12:00:00,14.582601
Hamedan (Airport),1995-11-16 00:00:00,32.354553
Hamedan (Airport),1995-12-16 12:00:00,51.665936
Hamedan (Airport),1996-01-16 12:00:00,45.362267
Hamedan (Airport),1996-02-15 12:00:00,39.209217
Hamedan (Airport),1996-03-16 12:00:00,49.79108
Hamedan (Airport),1996-04-16 00:00:00,47.42794
Hamedan (Airport),1996-05-16 12:00:00,31.070707
Hamedan (Airport),1996-06-16 00:00:00,1.0804402
Hamedan (Airport),1996-07-16 12:00:00,0.0
Hamedan (Airport),1996-08-16 12:00:00,0.0
Hamedan (Airport),1996-09-16 00:00:00,0.08230285
Hamedan (Airport),1996-10-16 12:00:00,16.403803
Hamedan (Airport),1996-11-16 00:00:00,41.97619
Hamedan (Airport),1996-12-16 12:00:00,49.001976
Hamedan (Airport),1997-01-16 12:00:00,41.275593
Hamedan (Airport),1997-02-15 00:00:00,49.542564
Hamedan (Airport),1997-03-16 12:00:00,70.004555
Hamedan (Airport),1997-04-16 00:00:00,61.134445
Hamedan (Airport),1997-05-16 12:00:00,38.85594
Hamedan (Airport),1997-06-16 00:00:00,2.0707326
Hamedan (Airport),1997-07-16 12:00:00,0.0
Hamedan (Airport),1997-08-16 12:00:00,0.0
Hamedan (Airport),1997-09-16 00:00:00,0.16139325
Hamedan (Airport),1997-10-16 12:00:00,20.681967
Hamedan (Airport),1997-11-16 00:00:00,50.339733
Hamedan (Airport),1997-12-16 12:00:00,46.536934
Hamedan (Airport),1998-01-16 12:00:00,47.129986
Hamedan (Airport),1998-02-15 00:00:00,36.772503
Hamedan (Airport),1998-03-16 12:00:00,60.69464
Hamedan (Airport),1998-04-16 00:00:00,52.118523
Hamedan (Airport),1998-05-16 12:00:00,37.15549
Hamedan (Airport),1998-06-16 00:00:00,5.091802
Hamedan (Airport),1998-07-16 12:00:00,0.0
Hamedan (Airport),1998-08-16 12:00:00,0.0
Hamedan (Airport),1998-09-16 00:00:00,0.15870406
Hamedan (Airport),1998-10-16 12:00:00,24.914385
Hamedan (Airport),1998-11-16 00:00:00,37.355556
Hamedan (Airport),1998-12-16 12:00:00,36.15112
Hamedan (Airport),1999-01-16 12:00:00,46.62689
Hamedan (Airport),1999-02-15 00:00:00,35.4606
Hamedan (Airport),1999-03-16 12:00:00,60.22907
Hamedan (Airport),1999-04-16 00:00:00,57.105343
Hamedan (Airport),1999-05-16 12:00:00,28.245903
Hamedan (Airport),1999-06-16 00:00:00,2.530434
Hamedan (Airport),1999-07-16 12:00:00,0.0
Hamedan (Airport),1999-08-16 12:00:00,0.0
Hamedan (Airport),1999-09-16 00:00:00,0.09682067
Hamedan (Airport),1999-10-16 12:00:00,14.518051
Hamedan (Airport),1999-11-16 00:00:00,44.346527
Hamedan (Airport),1999-12-16 12:00:00,52.08726
Hamedan (Airport),2000-01-16 12:00:00,44.649364
Hamedan (Airport),2000-02-15 12:00:00,39.909943
Hamedan (Airport),2000-03-16 12:00:00,54.43452
Hamedan (Airport),2000-04-16 00:00:00,51.58637
Hamedan (Airport),2000-05-16 12:00:00,26.884966
Hamedan (Airport),2000-06-16 00:00:00,1.8669057
Hamedan (Airport),2000-07-16 12:00:00,0.0
Hamedan (Airport),2000-08-16 12:00:00,0.0
Hamedan (Airport),2000-09-16 00:00:00,0.23887429
Hamedan (Airport),2000-10-16 12:00:00,22.025452
Hamedan (Airport),2000-11-16 00:00:00,46.880318
Hamedan (Airport),2000-12-16 12:00:00,57.010685
Hamedan (Airport),2001-01-16 12:00:00,47.779774
Hamedan (Airport),2001-02-15 00:00:00,48.3075
Hamedan (Airport),2001-03-16 12:00:00,60.54828
Hamedan (Airport),2001-04-16 00:00:00,47.939434
Hamedan (Airport),2001-05-16 12:00:00,26.596424
Hamedan (Airport),2001-06-16 00:00:00,4.1237774
Hamedan (Airport),2001-07-16 12:00:00,0.0
Hamedan (Airport),2001-08-16 12:00:00,0.0
Hamedan (Airport),2001-09-16 00:00:00,0.28753212
Hamedan (Airport),2001-10-16 12:00:00,19.243889
Hamedan (Airport),2001-11-16 00:00:00,29.018934
Hamedan (Airport),2001-12-16 12:00:00,46.84435
Hamedan (Airport),2002-01-16 12:00:00,47.595818
Hamedan (Airport),2002-02-15 00:00:00,35.629807
Hamedan (Airport),2002-03-16 12:00:00,61.760147
Hamedan (Airport),2002-04-16 00:00:00,51.805603
Hamedan (Airport),2002-05-16 12:00:00,35.849087
Hamedan (Airport),2002-06-16 00:00:00,5.0709248
Hamedan (Airport),2002-07-16 12:00:00,0.0
Hamedan (Airport),2002-08-16 12:00:00,0.0
Hamedan (Airport),2002-09-16 00:00:00,0.07593727
Hamedan (Airport),2002-10-16 12:00:00,18.532053
Hamedan (Airport),2002-11-16 00:00:00,33.84601
Hamedan (Airport),2002-12-16 12:00:00,54.896736
Hamedan (Airport),2003-01-16 12:00:00,50.81565
Hamedan (Airport),2003-02-15 00:00:00,33.381226
Hamedan (Airport),2003-03-16 12:00:00,56.681175
Hamedan (Airport),2003-04-16 00:00:00,59.742554
Hamedan (Airport),2003-05-16 12:00:00,33.398327
Hamedan (Airport),2003-06-16 00:00:00,3.9465952
Hamedan (Airport),2003-07-16 12:00:00,0.00046738875
Hamedan (Airport),2003-08-16 12:00:00,0.0
Hamedan (Airport),2003-09-16 00:00:00,0.26297238
Hamedan (Airport),2003-10-16 12:00:00,25.032139
Hamedan (Airport),2003-11-16 00:00:00,43.961277
Hamedan (Airport),2003-12-16 12:00:00,48.26995
Hamedan (Airport),2004-01-16 12:00:00,46.563755
Hamedan (Airport),2004-02-15 12:00:00,40.14676
Hamedan (Airport),2004-03-16 12:00:00,51.88083
Hamedan (Airport),2004-04-16 00:00:00,70.38553
Hamedan (Airport),2004-05-16 12:00:00,44.18689
Hamedan (Airport),2004-06-16 00:00:00,6.0683856
Hamedan (Airport),2004-07-16 12:00:00,0.0
Hamedan (Airport),2004-08-16 12:00:00,0.0
Hamedan (Airport),2004-09-16 00:00:00,0.14557937
Hamedan (Airport),2004-10-16 12:00:00,22.071375
Hamedan (Airport),2004-11-16 00:00:00,41.167526
Hamedan (Airport),2004-12-16 12:00:00,44.56167
Hamedan (Airport),2005-01-16 12:00:00,51.316135
Hamedan (Airport),2005-02-15 00:00:00,41.866753
Hamedan (Airport),2005-03-16 12:00:00,58.44533
Hamedan (Airport),2005-04-16 00:00:00,55.254368
Hamedan (Airport),2005-05-16 12:00:00,34.755127
Hamedan (Airport),2005-06-16 00:00:00,2.613975
Hamedan (Airport),2005-07-16 12:00:00,0.0
Hamedan (Airport),2005-08-16 12:00:00,0.0
Hamedan (Airport),2005-09-16 00:00:00,0.12723263
Hamedan (Airport),2005-10-16 12:00:00,21.654709
Hamedan (Airport),2005-11-16 00:00:00,53.537735
Hamedan (Airport),2005-12-16 12:00:00,41.503952
Hamedan (Airport),2006-01-16 12:00:00,43.018017
Hamedan (Airport),2006-02-15 00:00:00,47.169525
Hamedan (Airport),2006-03-16 12:00:00,62.343136
Hamedan (Airport),2006-04-16 00:00:00,54.719307
Hamedan (Airport),2006-05-16 12:00:00,28.872206
Hamedan (Airport),2006-06-16 00:00:00,5.4631705
Hamedan (Airport),2006-07-16 12:00:00,0.0
Hamedan (Airport),2006-08-16 12:00:00,0.0
Hamedan (Airport),2006-09-16 00:00:00,0.38122636
Hamedan (Airport),2006-10-16 12:00:00,21.2202
Hamedan (Airport),2006-11-16 00:00:00,48.548077
Hamedan (Airport),2006-12-16 12:00:00,56.085392
Hamedan (Airport),2007-01-16 12:00:00,39.064724
Hamedan (Airport),2007-02-15 00:00:00,34.874886
Hamedan (Airport),2007-03-16 12:00:00,62.988274
Hamedan (Airport),2007-04-16 00:00:00,64.22692
Hamedan (Airport),2007-05-16 12:00:00,32.816544
Hamedan (Airport),2007-06-16 00:00:00,3.2128115
Hamedan (Airport),2007-07-16 12:00:00,0.0
Hamedan (Airport),2007-08-16 12:00:00,0.0
Hamedan (Airport),2007-09-16 00:00:00,0.25463444
Hamedan (Airport),2007-10-16 12:00:00,17.09279
Hamedan (Airport),2007-11-16 00:00:00,39.85776
Hamedan (Airport),2007-12-16 12:00:00,44.002224
Hamedan (Airport),2008-01-16 12:00:00,39.71817
Hamedan (Airport),2008-02-15 12:00:00,43.91731
Hamedan (Airport),2008-03-16 12:00:00,56.749527
Hamedan (Airport),2008-04-16 00:00:00,58.180492
Hamedan (Airport),2008-05-16 12:00:00,33.763397
Hamedan (Airport),2008-06-16 00:00:00,3.8714788
Hamedan (Airport),2008-07-16 12:00:00,0.0
Hamedan (Airport),2008-08-16 12:00:00,0.0
Hamedan (Airport),2008-09-16 00:00:00,0.31132618
Hamedan (Airport),2008-10-16 12:00:00,23.634327
Hamedan (Airport),2008-11-16 00:00:00,44.12934
Hamedan (Airport),2008-12-16 12:00:00,43.72617
Hamedan (Airport),2009-01-16 12:00:00,47.881657
Hamedan (Airport),2009-02-15 00:00:00,37.462128
Hamedan (Airport),2009-03-16 12:00:00,64.35833
Hamedan (Airport),2009-04-16 00:00:00,47.413166
Hamedan (Airport),2009-05-16 12:00:00,34.26983
Hamedan (Airport),2009-06-16 00:00:00,2.636067
Hamedan (Airport),2009-07-16 12:00:00,0.0
Hamedan (Airport),2009-08-16 12:00:00,0.0
Hamedan (Airport),2009-09-16 00:00:00,0.27013096
Hamedan (Airport),2009-10-16 12:00:00,31.596748
Hamedan (Airport),2009-11-16 00:00:00,48.77091
Hamedan (Airport),2009-12-16 12:00:00,53.899994
Hamedan (Airport),2010-01-16 12:00:00,46.88992
Hamedan (Airport),2010-02-15 00:00:00,43.19322
Hamedan (Airport),2010-03-16 12:00:00,55.242588
Hamedan (Airport),2010-04-16 00:00:00,69.076584
Hamedan (Airport),2010-05-16 12:00:00,37.987423
Hamedan (Airport),2010-06-16 00:00:00,5.5550375
Hamedan (Airport),2010-07-16 12:00:00,0.0
Hamedan (Airport),2010-08-16 12:00:00,0.0
Hamedan (Airport),2010-09-16 00:00:00,0.15049827
Hamedan (Airport),2010-10-16 12:00:00,27.906414
Hamedan (Airport),2010-11-16 00:00:00,39.33407
Hamedan (Airport),2010-12-16 12:00:00,47.191315
Hamedan (Airport),2011-01-16 12:00:00,48.531452
Hamedan (Airport),2011-02-15 00:00:00,44.488914
Hamedan (Airport),2011-03-16 12:00:00,63.033554
Hamedan (Airport),2011-04-16 00:00:00,55.0754
Hamedan (Airport),2011-05-16 12:00:00,33.471043
Hamedan (Airport),2011-06-16 00:00:00,3.1012816
Hamedan (Airport),2011-07-16 12:00:00,0.023911178
Hamedan (Airport),2011-08-16 12:00:00,0.0
Hamedan (Airport),2011-09-16 00:00:00,0.47782797
Hamedan (Airport),2011-10-16 12:00:00,23.80718
Hamedan (Airport),2011-11-16 00:00:00,48.16198
Hamedan (Airport),2011-12-16 12:00:00,58.710785
Hamedan (Airport),2012-01-16 12:00:00,50.875916
Hamedan (Airport),2012-02-15 12:00:00,46.137505
Hamedan (Airport),2012-03-16 12:00:00,66.82274
Hamedan (Airport),2012-04-16 00:00:00,60.352207
Hamedan (Airport),2012-05-16 12:00:00,45.63783
Hamedan (Airport),2012-06-16 00:00:00,5.1125755
Hamedan (Airport),2012-07-16 12:00:00,0.0021369949
Hamedan (Airport),2012-08-16 12:00:00,0.0
Hamedan (Airport),2012-09-16 00:00:00,0.12957379
Hamedan (Airport),2012-10-16 12:00:00,30.245388
Hamedan (Airport),2012-11-16 00:00:00,56.8476
Hamedan (Airport),2012-12-16 12:00:00,63.039448
Hamedan (Airport),2013-01-16 12:00:00,47.00273
Hamedan (Airport),2013-02-15 00:00:00,43.39162
Hamedan (Airport),2013-03-16 12:00:00,47.311012
Hamedan (Airport),2013-04-16 00:00:00,56.245953
Hamedan (Airport),2013-05-16 12:00:00,32.140408
Hamedan (Airport),2013-06-16 00:00:00,4.7172027
Hamedan (Airport),2013-07-16 12:00:00,0.012629871
Hamedan (Airport),2013-08-16 12:00:00,0.0
Hamedan (Airport),2013-09-16 00:00:00,0.13944645
Hamedan (Airport),2013-10-16 12:00:00,21.442587
Hamedan (Airport),2013-11-16 00:00:00,43.503605
Hamedan (Airport),2013-12-16 12:00:00,46.702675
Hamedan (Airport),2014-01-16 12:00:00,49.948215
Hamedan (Airport),2014-02-15 00:00:00,47.417496
Hamedan (Airport),2014-03-16 12:00:00,52.88201
Hamedan (Airport),2014-04-16 00:00:00,52.826775
Hamedan (Airport),2014-05-16 12:00:00,31.672165
Hamedan (Airport),2014-06-16 00:00:00,3.5446332
Hamedan (Airport),2014-07-16 12:00:00,0.0008659784
Hamedan (Airport),2014-08-16 12:00:00,0.0
Hamedan (Airport),2014-09-16 00:00:00,0.22568499
Hamedan (Airport),2014-10-16 12:00:00,22.78244
Hamedan (Airport),2014-11-16 00:00:00,37.217342
Hamedan (Airport),2014-12-16 12:00:00,43.39112
