Station,Date,Precipitation
Masjedsoleyman,1985-01-16 12:00:00,58.44734
Masjedsoleyman,1985-02-15 00:00:00,37.21164
Masjedsoleyman,1985-03-16 12:00:00,33.114998
Masjedsoleyman,1985-04-16 00:00:00,18.232138
Masjedsoleyman,1985-05-16 12:00:00,7.823425
Masjedsoleyman,1985-06-16 00:00:00,0.009409681
Masjedsoleyman,1985-07-16 12:00:00,0.0
Masjedsoleyman,1985-08-16 12:00:00,0.0
Masjedsoleyman,1985-09-16 00:00:00,0.0
Masjedsoleyman,1985-10-16 12:00:00,4.6641407
Masjedsoleyman,1985-11-16 00:00:00,33.201115
Masjedsoleyman,1985-12-16 12:00:00,54.787624
Masjedsoleyman,1986-01-16 12:00:00,49.952053
Masjedsoleyman,1986-02-15 00:00:00,44.438515
Masjedsoleyman,1986-03-16 12:00:00,49.132492
Masjedsoleyman,1986-04-16 00:00:00,22.457872
Masjedsoleyman,1986-05-16 12:00:00,7.6930537
Masjedsoleyman,1986-06-16 00:00:00,0.018593121
Masjedsoleyman,1986-07-16 12:00:00,0.0
Masjedsoleyman,1986-08-16 12:00:00,0.0
Masjedsoleyman,1986-09-16 00:00:00,0.0
Masjedsoleyman,1986-10-16 12:00:00,4.090118
Masjedsoleyman,1986-11-16 00:00:00,33.857777
Masjedsoleyman,1986-12-16 12:00:00,48.11464
Masjedsoleyman,1987-01-16 12:00:00,58.9161
Masjedsoleyman,1987-02-15 00:00:00,39.197857
Masjedsoleyman,1987-03-16 12:00:00,40.155186
Masjedsoleyman,1987-04-16 00:00:00,30.823656
Masjedsoleyman,1987-05-16 12:00:00,4.761833
Masjedsoleyman,1987-06-16 00:00:00,0.010712519
Masjedsoleyman,1987-07-16 12:00:00,0.0
Masjedsoleyman,1987-08-16 12:00:00,0.0
Masjedsoleyman,1987-09-16 00:00:00,0.0
Masjedsoleyman,1987-10-16 12:00:00,6.2197747
Masjedsoleyman,1987-11-16 00:00:00,29.861986
Masjedsoleyman,1987-12-16 12:00:00,63.199837
Masjedsoleyman,1988-01-16 12:00:00,59.66816
Masjedsoleyman,1988-02-15 12:00:00,38.807835
Masjedsoleyman,1988-03-16 12:00:00,38.68984
Masjedsoleyman,1988-04-16 00:00:00,22.982162
Masjedsoleyman,1988-05-16 12:00:00,7.151734
Masjedsoleyman,1988-06-16 00:00:00,9.366882e-05
Masjedsoleyman,1988-07-16 12:00:00,0.0
Masjedsoleyman,1988-08-16 12:00:00,0.0
Masjedsoleyman,1988-09-16 00:00:00,0.0
Masjedsoleyman,1988-10-16 12:00:00,2.223404
Masjedsoleyman,1988-11-16 00:00:00,32.372547
Masjedsoleyman,1988-12-16 12:00:00,57.35272
Masjedsoleyman,1989-01-16 12:00:00,69.8415
Masjedsoleyman,1989-02-15 00:00:00,36.7368
Masjedsoleyman,1989-03-16 12:00:00,38.324753
Masjedsoleyman,1989-04-16 00:00:00,25.212914
Masjedsoleyman,1989-05-16 12:00:00,6.639631
Masjedsoleyman,1989-06-16 00:00:00,0.012341476
Masjedsoleyman,1989-07-16 12:00:00,0.0
Masjedsoleyman,1989-08-16 12:00:00,0.0
Masjedsoleyman,1989-09-16 00:00:00,0.0
Masjedsoleyman,1989-10-16 12:00:00,4.715422
Masjedsoleyman,1989-11-16 00:00:00,37.366615
Masjedsoleyman,1989-12-16 12:00:00,54.190914
Masjedsoleyman,1990-01-16 12:00:00,76.87772
Masjedsoleyman,1990-02-15 00:00:00,42.811142
Masjedsoleyman,1990-03-16 12:00:00,36.185383
Masjedsoleyman,1990-04-16 00:00:00,32.60046
Masjedsoleyman,1990-05-16 12:00:00,6.225803
Masjedsoleyman,1990-06-16 00:00:00,0.0034222135
Masjedsoleyman,1990-07-16 12:00:00,0.0
Masjedsoleyman,1990-08-16 12:00:00,0.0
Masjedsoleyman,1990-09-16 00:00:00,0.0
Masjedsoleyman,1990-10-16 12:00:00,8.215131
Masjedsoleyman,1990-11-16 00:00:00,45.88889
Masjedsoleyman,1990-12-16 12:00:00,62.324135
Masjedsoleyman,1991-01-16 12:00:00,67.47309
Masjedsoleyman,1991-02-15 00:00:00,52.755684
Masjedsoleyman,1991-03-16 12:00:00,41.59994
Masjedsoleyman,1991-04-16 00:00:00,26.378885
Masjedsoleyman,1991-05-16 12:00:00,8.107083
Masjedsoleyman,1991-06-16 00:00:00,0.0032356908
Masjedsoleyman,1991-07-16 12:00:00,0.0
Masjedsoleyman,1991-08-16 12:00:00,0.0
Masjedsoleyman,1991-09-16 00:00:00,0.0
Masjedsoleyman,1991-10-16 12:00:00,4.5470395
Masjedsoleyman,1991-11-16 00:00:00,18.767824
Masjedsoleyman,1991-12-16 12:00:00,59.685505
Masjedsoleyman,1992-01-16 12:00:00,81.82521
Masjedsoleyman,1992-02-15 12:00:00,39.058224
Masjedsoleyman,1992-03-16 12:00:00,34.974976
Masjedsoleyman,1992-04-16 00:00:00,25.623272
Masjedsoleyman,1992-05-16 12:00:00,10.596311
Masjedsoleyman,1992-06-16 00:00:00,0.0087885875
Masjedsoleyman,1992-07-16 12:00:00,0.0
Masjedsoleyman,1992-08-16 12:00:00,0.0
Masjedsoleyman,1992-09-16 00:00:00,0.0
Masjedsoleyman,1992-10-16 12:00:00,6.0624847
Masjedsoleyman,1992-11-16 00:00:00,45.950768
Masjedsoleyman,1992-12-16 12:00:00,65.853905
Masjedsoleyman,1993-01-16 12:00:00,75.2203
Masjedsoleyman,1993-02-15 00:00:00,47.50017
Masjedsoleyman,1993-03-16 12:00:00,45.135513
Masjedsoleyman,1993-04-16 00:00:00,29.06374
Masjedsoleyman,1993-05-16 12:00:00,5.8345227
Masjedsoleyman,1993-06-16 00:00:00,0.0049165804
Masjedsoleyman,1993-07-16 12:00:00,0.0
Masjedsoleyman,1993-08-16 12:00:00,0.0
Masjedsoleyman,1993-09-16 00:00:00,0.0
Masjedsoleyman,1993-10-16 12:00:00,4.820553
Masjedsoleyman,1993-11-16 00:00:00,35.055
Masjedsoleyman,1993-12-16 12:00:00,71.620766
Masjedsoleyman,1994-01-16 12:00:00,77.00679
Masjedsoleyman,1994-02-15 00:00:00,49.4344
Masjedsoleyman,1994-03-16 12:00:00,45.873947
Masjedsoleyman,1994-04-16 00:00:00,22.6917
Masjedsoleyman,1994-05-16 12:00:00,8.341354
Masjedsoleyman,1994-06-16 00:00:00,0.005721756
Masjedsoleyman,1994-07-16 12:00:00,0.0
Masjedsoleyman,1994-08-16 12:00:00,0.0
Masjedsoleyman,1994-09-16 00:00:00,0.0
Masjedsoleyman,1994-10-16 12:00:00,4.704424
Masjedsoleyman,1994-11-16 00:00:00,34.64111
Masjedsoleyman,1994-12-16 12:00:00,52.262253
Masjedsoleyman,1995-01-16 12:00:00,69.175865
Masjedsoleyman,1995-02-15 00:00:00,48.18528
Masjedsoleyman,1995-03-16 12:00:00,33.940468
Masjedsoleyman,1995-04-16 00:00:00,23.296103
Masjedsoleyman,1995-05-16 12:00:00,5.5823054
Masjedsoleyman,1995-06-16 00:00:00,0.003155153
Masjedsoleyman,1995-07-16 12:00:00,0.0
Masjedsoleyman,1995-08-16 12:00:00,0.0
Masjedsoleyman,1995-09-16 00:00:00,0.0
Masjedsoleyman,1995-10-16 12:00:00,3.1229541
Masjedsoleyman,1995-11-16 00:00:00,26.251942
Masjedsoleyman,1995-12-16 12:00:00,67.419685
Masjedsoleyman,1996-01-16 12:00:00,62.195934
Masjedsoleyman,1996-02-15 12:00:00,41.405098
Masjedsoleyman,1996-03-16 12:00:00,32.621407
Masjedsoleyman,1996-04-16 00:00:00,20.557852
Masjedsoleyman,1996-05-16 12:00:00,8.159099
Masjedsoleyman,1996-06-16 00:00:00,0.00044499576
Masjedsoleyman,1996-07-16 12:00:00,0.0
Masjedsoleyman,1996-08-16 12:00:00,0.0
Masjedsoleyman,1996-09-16 00:00:00,0.0
Masjedsoleyman,1996-10-16 12:00:00,4.2566695
Masjedsoleyman,1996-11-16 00:00:00,32.355152
Masjedsoleyman,1996-12-16 12:00:00,57.62796
Masjedsoleyman,1997-01-16 12:00:00,61.461994
Masjedsoleyman,1997-02-15 00:00:00,44.109085
Masjedsoleyman,1997-03-16 12:00:00,36.06902
Masjedsoleyman,1997-04-16 00:00:00,27.437061
Masjedsoleyman,1997-05-16 12:00:00,10.34464
Masjedsoleyman,1997-06-16 00:00:00,0.020194208
Masjedsoleyman,1997-07-16 12:00:00,0.0
Masjedsoleyman,1997-08-16 12:00:00,0.0
Masjedsoleyman,1997-09-16 00:00:00,0.0
Masjedsoleyman,1997-10-16 12:00:00,9.66131
Masjedsoleyman,1997-11-16 00:00:00,40.544174
Masjedsoleyman,1997-12-16 12:00:00,52.332764
Masjedsoleyman,1998-01-16 12:00:00,64.390656
Masjedsoleyman,1998-02-15 00:00:00,39.597862
Masjedsoleyman,1998-03-16 12:00:00,44.424915
Masjedsoleyman,1998-04-16 00:00:00,28.536367
Masjedsoleyman,1998-05-16 12:00:00,12.535392
Masjedsoleyman,1998-06-16 00:00:00,0.00423221
Masjedsoleyman,1998-07-16 12:00:00,0.0
Masjedsoleyman,1998-08-16 12:00:00,0.0
Masjedsoleyman,1998-09-16 00:00:00,0.0
Masjedsoleyman,1998-10-16 12:00:00,4.992289
Masjedsoleyman,1998-11-16 00:00:00,33.104946
Masjedsoleyman,1998-12-16 12:00:00,47.078747
Masjedsoleyman,1999-01-16 12:00:00,66.04483
Masjedsoleyman,1999-02-15 00:00:00,30.9643
Masjedsoleyman,1999-03-16 12:00:00,44.22219
Masjedsoleyman,1999-04-16 00:00:00,32.03954
Masjedsoleyman,1999-05-16 12:00:00,5.9439
Masjedsoleyman,1999-06-16 00:00:00,0.008671628
Masjedsoleyman,1999-07-16 12:00:00,0.0
Masjedsoleyman,1999-08-16 12:00:00,0.0
Masjedsoleyman,1999-09-16 00:00:00,0.0
Masjedsoleyman,1999-10-16 12:00:00,3.0828488
Masjedsoleyman,1999-11-16 00:00:00,36.788265
Masjedsoleyman,1999-12-16 12:00:00,58.652454
Masjedsoleyman,2000-01-16 12:00:00,56.96649
Masjedsoleyman,2000-02-15 12:00:00,41.762207
Masjedsoleyman,2000-03-16 12:00:00,29.049992
Masjedsoleyman,2000-04-16 00:00:00,23.406952
Masjedsoleyman,2000-05-16 12:00:00,3.790835
Masjedsoleyman,2000-06-16 00:00:00,0.003946184
Masjedsoleyman,2000-07-16 12:00:00,0.0
Masjedsoleyman,2000-08-16 12:00:00,0.0
Masjedsoleyman,2000-09-16 00:00:00,0.0
Masjedsoleyman,2000-10-16 12:00:00,5.2844553
Masjedsoleyman,2000-11-16 00:00:00,36.955036
Masjedsoleyman,2000-12-16 12:00:00,69.71317
Masjedsoleyman,2001-01-16 12:00:00,74.329155
Masjedsoleyman,2001-02-15 00:00:00,48.7866
Masjedsoleyman,2001-03-16 12:00:00,39.627037
Masjedsoleyman,2001-04-16 00:00:00,22.267923
Masjedsoleyman,2001-05-16 12:00:00,5.3063645
Masjedsoleyman,2001-06-16 00:00:00,0.011278774
Masjedsoleyman,2001-07-16 12:00:00,0.0
Masjedsoleyman,2001-08-16 12:00:00,0.0
Masjedsoleyman,2001-09-16 00:00:00,0.0
Masjedsoleyman,2001-10-16 12:00:00,3.5893624
Masjedsoleyman,2001-11-16 00:00:00,33.398827
Masjedsoleyman,2001-12-16 12:00:00,69.90132
Masjedsoleyman,2002-01-16 12:00:00,65.58908
Masjedsoleyman,2002-02-15 00:00:00,36.338097
Masjedsoleyman,2002-03-16 12:00:00,35.76079
Masjedsoleyman,2002-04-16 00:00:00,21.955652
Masjedsoleyman,2002-05-16 12:00:00,6.9127955
Masjedsoleyman,2002-06-16 00:00:00,0.0048391502
Masjedsoleyman,2002-07-16 12:00:00,0.0
Masjedsoleyman,2002-08-16 12:00:00,0.0
Masjedsoleyman,2002-09-16 00:00:00,0.0
Masjedsoleyman,2002-10-16 12:00:00,6.451351
Masjedsoleyman,2002-11-16 00:00:00,23.170162
Masjedsoleyman,2002-12-16 12:00:00,65.38947
Masjedsoleyman,2003-01-16 12:00:00,72.24753
Masjedsoleyman,2003-02-15 00:00:00,40.510784
Masjedsoleyman,2003-03-16 12:00:00,38.23357
Masjedsoleyman,2003-04-16 00:00:00,27.667421
Masjedsoleyman,2003-05-16 12:00:00,5.3925
Masjedsoleyman,2003-06-16 00:00:00,0.0052874703
Masjedsoleyman,2003-07-16 12:00:00,0.0
Masjedsoleyman,2003-08-16 12:00:00,0.0
Masjedsoleyman,2003-09-16 00:00:00,0.0
Masjedsoleyman,2003-10-16 12:00:00,5.349335
Masjedsoleyman,2003-11-16 00:00:00,42.73461
Masjedsoleyman,2003-12-16 12:00:00,65.886375
Masjedsoleyman,2004-01-16 12:00:00,64.9351
Masjedsoleyman,2004-02-15 12:00:00,38.116585
Masjedsoleyman,2004-03-16 12:00:00,28.011763
Masjedsoleyman,2004-04-16 00:00:00,33.175102
Masjedsoleyman,2004-05-16 12:00:00,8.437115
Masjedsoleyman,2004-06-16 00:00:00,0.04115906
Masjedsoleyman,2004-07-16 12:00:00,0.0
Masjedsoleyman,2004-08-16 12:00:00,0.0
Masjedsoleyman,2004-09-16 00:00:00,0.0
Masjedsoleyman,2004-10-16 12:00:00,7.47063
Masjedsoleyman,2004-11-16 00:00:00,31.523148
Masjedsoleyman,2004-12-16 12:00:00,58.62156
Masjedsoleyman,2005-01-16 12:00:00,69.63656
Masjedsoleyman,2005-02-15 00:00:00,33.037174
Masjedsoleyman,2005-03-16 12:00:00,31.7469
Masjedsoleyman,2005-04-16 00:00:00,24.601221
Masjedsoleyman,2005-05-16 12:00:00,6.4906664
Masjedsoleyman,2005-06-16 00:00:00,0.0079556005
Masjedsoleyman,2005-07-16 12:00:00,0.0
Masjedsoleyman,2005-08-16 12:00:00,0.0
Masjedsoleyman,2005-09-16 00:00:00,0.0
Masjedsoleyman,2005-10-16 12:00:00,5.003922
Masjedsoleyman,2005-11-16 00:00:00,34.269985
Masjedsoleyman,2005-12-16 12:00:00,49.787888
Masjedsoleyman,2006-01-16 12:00:00,58.399628
Masjedsoleyman,2006-02-15 00:00:00,56.084614
Masjedsoleyman,2006-03-16 12:00:00,44.356606
Masjedsoleyman,2006-04-16 00:00:00,23.624605
Masjedsoleyman,2006-05-16 12:00:00,7.3715243
Masjedsoleyman,2006-06-16 00:00:00,0.010394744
Masjedsoleyman,2006-07-16 12:00:00,0.0
Masjedsoleyman,2006-08-16 12:00:00,0.0
Masjedsoleyman,2006-09-16 00:00:00,0.0
Masjedsoleyman,2006-10-16 12:00:00,4.090582
Masjedsoleyman,2006-11-16 00:00:00,47.314987
Masjedsoleyman,2006-12-16 12:00:00,67.052124
Masjedsoleyman,2007-01-16 12:00:00,54.690125
Masjedsoleyman,2007-02-15 00:00:00,32.386997
Masjedsoleyman,2007-03-16 12:00:00,44.323627
Masjedsoleyman,2007-04-16 00:00:00,33.607132
Masjedsoleyman,2007-05-16 12:00:00,6.605604
Masjedsoleyman,2007-06-16 00:00:00,0.007482197
Masjedsoleyman,2007-07-16 12:00:00,0.0
Masjedsoleyman,2007-08-16 12:00:00,0.0
Masjedsoleyman,2007-09-16 00:00:00,0.0
Masjedsoleyman,2007-10-16 12:00:00,5.3929243
Masjedsoleyman,2007-11-16 00:00:00,25.650656
Masjedsoleyman,2007-12-16 12:00:00,52.679996
Masjedsoleyman,2008-01-16 12:00:00,60.328876
Masjedsoleyman,2008-02-15 12:00:00,42.3228
Masjedsoleyman,2008-03-16 12:00:00,45.13653
Masjedsoleyman,2008-04-16 00:00:00,25.058794
Masjedsoleyman,2008-05-16 12:00:00,6.5658717
Masjedsoleyman,2008-06-16 00:00:00,0.006666459
Masjedsoleyman,2008-07-16 12:00:00,0.0
Masjedsoleyman,2008-08-16 12:00:00,0.0
Masjedsoleyman,2008-09-16 00:00:00,0.0
Masjedsoleyman,2008-10-16 12:00:00,4.4905148
Masjedsoleyman,2008-11-16 00:00:00,37.380543
Masjedsoleyman,2008-12-16 12:00:00,67.77986
Masjedsoleyman,2009-01-16 12:00:00,71.62408
Masjedsoleyman,2009-02-15 00:00:00,35.43311
Masjedsoleyman,2009-03-16 12:00:00,45.33871
Masjedsoleyman,2009-04-16 00:00:00,23.690578
Masjedsoleyman,2009-05-16 12:00:00,6.579321
Masjedsoleyman,2009-06-16 00:00:00,0.018673329
Masjedsoleyman,2009-07-16 12:00:00,0.0
Masjedsoleyman,2009-08-16 12:00:00,0.0
Masjedsoleyman,2009-09-16 00:00:00,0.0
Masjedsoleyman,2009-10-16 12:00:00,9.131783
Masjedsoleyman,2009-11-16 00:00:00,42.14826
Masjedsoleyman,2009-12-16 12:00:00,67.838974
Masjedsoleyman,2010-01-16 12:00:00,67.67433
Masjedsoleyman,2010-02-15 00:00:00,49.75353
Masjedsoleyman,2010-03-16 12:00:00,33.8671
Masjedsoleyman,2010-04-16 00:00:00,35.20089
Masjedsoleyman,2010-05-16 12:00:00,9.511371
Masjedsoleyman,2010-06-16 00:00:00,0.01684011
Masjedsoleyman,2010-07-16 12:00:00,0.0
Masjedsoleyman,2010-08-16 12:00:00,0.0
Masjedsoleyman,2010-09-16 00:00:00,0.0
Masjedsoleyman,2010-10-16 12:00:00,8.8086195
Masjedsoleyman,2010-11-16 00:00:00,36.158005
Masjedsoleyman,2010-12-16 12:00:00,59.95717
Masjedsoleyman,2011-01-16 12:00:00,72.18625
Masjedsoleyman,2011-02-15 00:00:00,48.754948
Masjedsoleyman,2011-03-16 12:00:00,42.24344
Masjedsoleyman,2011-04-16 00:00:00,24.779915
Masjedsoleyman,2011-05-16 12:00:00,6.9356117
Masjedsoleyman,2011-06-16 00:00:00,0.0005749259
Masjedsoleyman,2011-07-16 12:00:00,0.0
Masjedsoleyman,2011-08-16 12:00:00,0.0
Masjedsoleyman,2011-09-16 00:00:00,0.0
Masjedsoleyman,2011-10-16 12:00:00,6.0846953
Masjedsoleyman,2011-11-16 00:00:00,41.06494
Masjedsoleyman,2011-12-16 12:00:00,74.866585
Masjedsoleyman,2012-01-16 12:00:00,79.913536
Masjedsoleyman,2012-02-15 12:00:00,39.468765
Masjedsoleyman,2012-03-16 12:00:00,48.54063
Masjedsoleyman,2012-04-16 00:00:00,30.011732
Masjedsoleyman,2012-05-16 12:00:00,9.536839
Masjedsoleyman,2012-06-16 00:00:00,0.0005874389
Masjedsoleyman,2012-07-16 12:00:00,0.0
Masjedsoleyman,2012-08-16 12:00:00,0.0
Masjedsoleyman,2012-09-16 00:00:00,0.0
Masjedsoleyman,2012-10-16 12:00:00,11.277065
Masjedsoleyman,2012-11-16 00:00:00,46.306442
Masjedsoleyman,2012-12-16 12:00:00,78.98647
Masjedsoleyman,2013-01-16 12:00:00,68.36611
Masjedsoleyman,2013-02-15 00:00:00,48.707195
Masjedsoleyman,2013-03-16 12:00:00,24.84721
Masjedsoleyman,2013-04-16 00:00:00,27.665613
Masjedsoleyman,2013-05-16 12:00:00,5.8195553
Masjedsoleyman,2013-06-16 00:00:00,0.024990737
Masjedsoleyman,2013-07-16 12:00:00,0.0
Masjedsoleyman,2013-08-16 12:00:00,0.0
Masjedsoleyman,2013-09-16 00:00:00,0.0
Masjedsoleyman,2013-10-16 12:00:00,5.94411
Masjedsoleyman,2013-11-16 00:00:00,30.790323
Masjedsoleyman,2013-12-16 12:00:00,61.88163
Masjedsoleyman,2014-01-16 12:00:00,77.60165
Masjedsoleyman,2014-02-15 00:00:00,40.245087
Masjedsoleyman,2014-03-16 12:00:00,34.656075
Masjedsoleyman,2014-04-16 00:00:00,21.506535
Masjedsoleyman,2014-05-16 12:00:00,5.4727345
Masjedsoleyman,2014-06-16 00:00:00,0.03358561
Masjedsoleyman,2014-07-16 12:00:00,0.0
Masjedsoleyman,2014-08-16 12:00:00,0.0
Masjedsoleyman,2014-09-16 00:00:00,0.0
Masjedsoleyman,2014-10-16 12:00:00,5.2467484
Masjedsoleyman,2014-11-16 00:00:00,29.714218
Masjedsoleyman,2014-12-16 12:00:00,59.143494
