Station,Date,Precipitation
Omidiyeh (Aghajari),1985-01-16 12:00:00,48.341007
Omidiyeh (Aghajari),1985-02-15 00:00:00,24.016096
Omidiyeh (Aghajari),1985-03-16 12:00:00,17.442543
Omidiyeh (Aghajari),1985-04-16 00:00:00,8.486375
Omidiyeh (Aghajari),1985-05-16 12:00:00,2.0051243
Omidiyeh (Aghajari),1985-06-16 00:00:00,0.0
Omidiyeh (Aghajari),1985-07-16 12:00:00,0.0
Omidiyeh (Aghajari),1985-08-16 12:00:00,0.0
Omidiyeh (Aghajari),1985-09-16 00:00:00,0.0
Omidiyeh (Aghajari),1985-10-16 12:00:00,1.719202
Omidiyeh (Aghajari),1985-11-16 00:00:00,26.877047
Omidiyeh (Aghajari),1985-12-16 12:00:00,43.786823
Omidiyeh (Aghajari),1986-01-16 12:00:00,37.013954
Omidiyeh (Aghajari),1986-02-15 00:00:00,29.218239
Omidiyeh (Aghajari),1986-03-16 12:00:00,27.417377
Omidiyeh (Aghajari),1986-04-16 00:00:00,11.276147
Omidiyeh (Aghajari),1986-05-16 12:00:00,1.420639
Omidiyeh (Aghajari),1986-06-16 00:00:00,0.0
Omidiyeh (Aghajari),1986-07-16 12:00:00,0.0
Omidiyeh (Aghajari),1986-08-16 12:00:00,0.0
Omidiyeh (Aghajari),1986-09-16 00:00:00,0.0
Omidiyeh (Aghajari),1986-10-16 12:00:00,1.1158415
Omidiyeh (Aghajari),1986-11-16 00:00:00,26.614895
Omidiyeh (Aghajari),1986-12-16 12:00:00,41.04291
Omidiyeh (Aghajari),1987-01-16 12:00:00,44.21551
Omidiyeh (Aghajari),1987-02-15 00:00:00,25.812305
Omidiyeh (Aghajari),1987-03-16 12:00:00,22.150547
Omidiyeh (Aghajari),1987-04-16 00:00:00,15.189974
Omidiyeh (Aghajari),1987-05-16 12:00:00,0.77627635
Omidiyeh (Aghajari),1987-06-16 00:00:00,0.0
Omidiyeh (Aghajari),1987-07-16 12:00:00,0.0
Omidiyeh (Aghajari),1987-08-16 12:00:00,0.0
Omidiyeh (Aghajari),1987-09-16 00:00:00,0.0
Omidiyeh (Aghajari),1987-10-16 12:00:00,3.648925
Omidiyeh (Aghajari),1987-11-16 00:00:00,21.000393
Omidiyeh (Aghajari),1987-12-16 12:00:00,52.865475
Omidiyeh (Aghajari),1988-01-16 12:00:00,45.57651
Omidiyeh (Aghajari),1988-02-15 12:00:00,26.840782
Omidiyeh (Aghajari),1988-03-16 12:00:00,20.915758
Omidiyeh (Aghajari),1988-04-16 00:00:00,10.917899
Omidiyeh (Aghajari),1988-05-16 12:00:00,1.451774
Omidiyeh (Aghajari),1988-06-16 00:00:00,0.0
Omidiyeh (Aghajari),1988-07-16 12:00:00,0.0
Omidiyeh (Aghajari),1988-08-16 12:00:00,0.0
Omidiyeh (Aghajari),1988-09-16 00:00:00,0.0
Omidiyeh (Aghajari),1988-10-16 12:00:00,1.4764904
Omidiyeh (Aghajari),1988-11-16 00:00:00,24.385605
Omidiyeh (Aghajari),1988-12-16 12:00:00,41.370373
Omidiyeh (Aghajari),1989-01-16 12:00:00,53.42065
Omidiyeh (Aghajari),1989-02-15 00:00:00,26.191116
Omidiyeh (Aghajari),1989-03-16 12:00:00,20.926397
Omidiyeh (Aghajari),1989-04-16 00:00:00,12.192068
Omidiyeh (Aghajari),1989-05-16 12:00:00,1.6720973
Omidiyeh (Aghajari),1989-06-16 00:00:00,0.0
Omidiyeh (Aghajari),1989-07-16 12:00:00,0.0
Omidiyeh (Aghajari),1989-08-16 12:00:00,0.0
Omidiyeh (Aghajari),1989-09-16 00:00:00,0.0
Omidiyeh (Aghajari),1989-10-16 12:00:00,2.9189324
Omidiyeh (Aghajari),1989-11-16 00:00:00,27.81987
Omidiyeh (Aghajari),1989-12-16 12:00:00,45.780712
Omidiyeh (Aghajari),1990-01-16 12:00:00,59.35416
Omidiyeh (Aghajari),1990-02-15 00:00:00,27.98732
Omidiyeh (Aghajari),1990-03-16 12:00:00,19.991413
Omidiyeh (Aghajari),1990-04-16 00:00:00,16.093283
Omidiyeh (Aghajari),1990-05-16 12:00:00,1.4762306
Omidiyeh (Aghajari),1990-06-16 00:00:00,0.0
Omidiyeh (Aghajari),1990-07-16 12:00:00,0.0
Omidiyeh (Aghajari),1990-08-16 12:00:00,0.0
Omidiyeh (Aghajari),1990-09-16 00:00:00,0.0
Omidiyeh (Aghajari),1990-10-16 12:00:00,2.5450256
Omidiyeh (Aghajari),1990-11-16 00:00:00,36.46915
Omidiyeh (Aghajari),1990-12-16 12:00:00,50.44304
Omidiyeh (Aghajari),1991-01-16 12:00:00,47.45757
Omidiyeh (Aghajari),1991-02-15 00:00:00,33.250027
Omidiyeh (Aghajari),1991-03-16 12:00:00,21.459623
Omidiyeh (Aghajari),1991-04-16 00:00:00,12.771007
Omidiyeh (Aghajari),1991-05-16 12:00:00,2.0938509
Omidiyeh (Aghajari),1991-06-16 00:00:00,0.0
Omidiyeh (Aghajari),1991-07-16 12:00:00,0.0
Omidiyeh (Aghajari),1991-08-16 12:00:00,0.0
Omidiyeh (Aghajari),1991-09-16 00:00:00,0.0
Omidiyeh (Aghajari),1991-10-16 12:00:00,2.2002535
Omidiyeh (Aghajari),1991-11-16 00:00:00,13.538664
Omidiyeh (Aghajari),1991-12-16 12:00:00,50.339394
Omidiyeh (Aghajari),1992-01-16 12:00:00,65.87739
Omidiyeh (Aghajari),1992-02-15 12:00:00,25.856415
Omidiyeh (Aghajari),1992-03-16 12:00:00,21.606506
Omidiyeh (Aghajari),1992-04-16 00:00:00,12.819996
Omidiyeh (Aghajari),1992-05-16 12:00:00,2.4861593
Omidiyeh (Aghajari),1992-06-16 00:00:00,0.0
Omidiyeh (Aghajari),1992-07-16 12:00:00,0.0
Omidiyeh (Aghajari),1992-08-16 12:00:00,0.0
Omidiyeh (Aghajari),1992-09-16 00:00:00,0.0
Omidiyeh (Aghajari),1992-10-16 12:00:00,2.2075093
Omidiyeh (Aghajari),1992-11-16 00:00:00,35.540684
Omidiyeh (Aghajari),1992-12-16 12:00:00,51.55372
Omidiyeh (Aghajari),1993-01-16 12:00:00,64.66253
Omidiyeh (Aghajari),1993-02-15 00:00:00,31.55276
Omidiyeh (Aghajari),1993-03-16 12:00:00,25.946976
Omidiyeh (Aghajari),1993-04-16 00:00:00,12.909721
Omidiyeh (Aghajari),1993-05-16 12:00:00,1.1069
Omidiyeh (Aghajari),1993-06-16 00:00:00,0.0
Omidiyeh (Aghajari),1993-07-16 12:00:00,0.0
Omidiyeh (Aghajari),1993-08-16 12:00:00,0.0
Omidiyeh (Aghajari),1993-09-16 00:00:00,0.0
Omidiyeh (Aghajari),1993-10-16 12:00:00,1.5492619
Omidiyeh (Aghajari),1993-11-16 00:00:00,25.10925
Omidiyeh (Aghajari),1993-12-16 12:00:00,63.70216
Omidiyeh (Aghajari),1994-01-16 12:00:00,58.8897
Omidiyeh (Aghajari),1994-02-15 00:00:00,32.958645
Omidiyeh (Aghajari),1994-03-16 12:00:00,24.938953
Omidiyeh (Aghajari),1994-04-16 00:00:00,10.920287
Omidiyeh (Aghajari),1994-05-16 12:00:00,1.6305213
Omidiyeh (Aghajari),1994-06-16 00:00:00,0.0
Omidiyeh (Aghajari),1994-07-16 12:00:00,0.0
Omidiyeh (Aghajari),1994-08-16 12:00:00,0.0
Omidiyeh (Aghajari),1994-09-16 00:00:00,0.0
Omidiyeh (Aghajari),1994-10-16 12:00:00,1.455483
Omidiyeh (Aghajari),1994-11-16 00:00:00,26.992464
Omidiyeh (Aghajari),1994-12-16 12:00:00,40.58349
Omidiyeh (Aghajari),1995-01-16 12:00:00,53.024895
Omidiyeh (Aghajari),1995-02-15 00:00:00,33.02649
Omidiyeh (Aghajari),1995-03-16 12:00:00,19.67366
Omidiyeh (Aghajari),1995-04-16 00:00:00,9.786746
Omidiyeh (Aghajari),1995-05-16 12:00:00,1.3936626
Omidiyeh (Aghajari),1995-06-16 00:00:00,0.0
Omidiyeh (Aghajari),1995-07-16 12:00:00,0.0
Omidiyeh (Aghajari),1995-08-16 12:00:00,0.0
Omidiyeh (Aghajari),1995-09-16 00:00:00,0.0
Omidiyeh (Aghajari),1995-10-16 12:00:00,0.8804819
Omidiyeh (Aghajari),1995-11-16 00:00:00,17.46074
Omidiyeh (Aghajari),1995-12-16 12:00:00,52.510166
Omidiyeh (Aghajari),1996-01-16 12:00:00,48.513935
Omidiyeh (Aghajari),1996-02-15 12:00:00,29.907848
Omidiyeh (Aghajari),1996-03-16 12:00:00,17.982916
Omidiyeh (Aghajari),1996-04-16 00:00:00,9.095337
Omidiyeh (Aghajari),1996-05-16 12:00:00,2.0259213
Omidiyeh (Aghajari),1996-06-16 00:00:00,0.0
Omidiyeh (Aghajari),1996-07-16 12:00:00,0.0
Omidiyeh (Aghajari),1996-08-16 12:00:00,0.0
Omidiyeh (Aghajari),1996-09-16 00:00:00,0.0
Omidiyeh (Aghajari),1996-10-16 12:00:00,2.0049186
Omidiyeh (Aghajari),1996-11-16 00:00:00,23.668135
Omidiyeh (Aghajari),1996-12-16 12:00:00,47.501106
Omidiyeh (Aghajari),1997-01-16 12:00:00,50.074844
Omidiyeh (Aghajari),1997-02-15 00:00:00,29.368273
Omidiyeh (Aghajari),1997-03-16 12:00:00,20.218529
Omidiyeh (Aghajari),1997-04-16 00:00:00,13.457925
Omidiyeh (Aghajari),1997-05-16 12:00:00,2.8760571
Omidiyeh (Aghajari),1997-06-16 00:00:00,0.0
Omidiyeh (Aghajari),1997-07-16 12:00:00,0.0
Omidiyeh (Aghajari),1997-08-16 12:00:00,0.0
Omidiyeh (Aghajari),1997-09-16 00:00:00,0.0
Omidiyeh (Aghajari),1997-10-16 12:00:00,4.173457
Omidiyeh (Aghajari),1997-11-16 00:00:00,29.286594
Omidiyeh (Aghajari),1997-12-16 12:00:00,42.12465
Omidiyeh (Aghajari),1998-01-16 12:00:00,50.86151
Omidiyeh (Aghajari),1998-02-15 00:00:00,29.038866
Omidiyeh (Aghajari),1998-03-16 12:00:00,25.36767
Omidiyeh (Aghajari),1998-04-16 00:00:00,12.765622
Omidiyeh (Aghajari),1998-05-16 12:00:00,3.9139037
Omidiyeh (Aghajari),1998-06-16 00:00:00,0.0
Omidiyeh (Aghajari),1998-07-16 12:00:00,0.0
Omidiyeh (Aghajari),1998-08-16 12:00:00,0.0
Omidiyeh (Aghajari),1998-09-16 00:00:00,0.0
Omidiyeh (Aghajari),1998-10-16 12:00:00,2.2926936
Omidiyeh (Aghajari),1998-11-16 00:00:00,24.207287
Omidiyeh (Aghajari),1998-12-16 12:00:00,40.947086
Omidiyeh (Aghajari),1999-01-16 12:00:00,49.167812
Omidiyeh (Aghajari),1999-02-15 00:00:00,22.446104
Omidiyeh (Aghajari),1999-03-16 12:00:00,25.984514
Omidiyeh (Aghajari),1999-04-16 00:00:00,15.419309
Omidiyeh (Aghajari),1999-05-16 12:00:00,1.6020596
Omidiyeh (Aghajari),1999-06-16 00:00:00,0.0
Omidiyeh (Aghajari),1999-07-16 12:00:00,0.0
Omidiyeh (Aghajari),1999-08-16 12:00:00,0.0
Omidiyeh (Aghajari),1999-09-16 00:00:00,0.0
Omidiyeh (Aghajari),1999-10-16 12:00:00,1.0579764
Omidiyeh (Aghajari),1999-11-16 00:00:00,28.555939
Omidiyeh (Aghajari),1999-12-16 12:00:00,44.155167
Omidiyeh (Aghajari),2000-01-16 12:00:00,43.78629
Omidiyeh (Aghajari),2000-02-15 12:00:00,32.436546
Omidiyeh (Aghajari),2000-03-16 12:00:00,13.9261265
Omidiyeh (Aghajari),2000-04-16 00:00:00,11.9379635
Omidiyeh (Aghajari),2000-05-16 12:00:00,0.6284256
Omidiyeh (Aghajari),2000-06-16 00:00:00,0.0
Omidiyeh (Aghajari),2000-07-16 12:00:00,0.0
Omidiyeh (Aghajari),2000-08-16 12:00:00,0.0
Omidiyeh (Aghajari),2000-09-16 00:00:00,0.0
Omidiyeh (Aghajari),2000-10-16 12:00:00,1.9959321
Omidiyeh (Aghajari),2000-11-16 00:00:00,29.32931
Omidiyeh (Aghajari),2000-12-16 12:00:00,53.089306
Omidiyeh (Aghajari),2001-01-16 12:00:00,67.1383
Omidiyeh (Aghajari),2001-02-15 00:00:00,33.221806
Omidiyeh (Aghajari),2001-03-16 12:00:00,20.985367
Omidiyeh (Aghajari),2001-04-16 00:00:00,12.469105
Omidiyeh (Aghajari),2001-05-16 12:00:00,1.9921819
Omidiyeh (Aghajari),2001-06-16 00:00:00,0.0
Omidiyeh (Aghajari),2001-07-16 12:00:00,0.0
Omidiyeh (Aghajari),2001-08-16 12:00:00,0.0
Omidiyeh (Aghajari),2001-09-16 00:00:00,0.0
Omidiyeh (Aghajari),2001-10-16 12:00:00,1.5324633
Omidiyeh (Aghajari),2001-11-16 00:00:00,25.543385
Omidiyeh (Aghajari),2001-12-16 12:00:00,59.99764
Omidiyeh (Aghajari),2002-01-16 12:00:00,47.31839
Omidiyeh (Aghajari),2002-02-15 00:00:00,23.715578
Omidiyeh (Aghajari),2002-03-16 12:00:00,18.915606
Omidiyeh (Aghajari),2002-04-16 00:00:00,11.223881
Omidiyeh (Aghajari),2002-05-16 12:00:00,2.0410252
Omidiyeh (Aghajari),2002-06-16 00:00:00,0.0
Omidiyeh (Aghajari),2002-07-16 12:00:00,0.0
Omidiyeh (Aghajari),2002-08-16 12:00:00,0.0
Omidiyeh (Aghajari),2002-09-16 00:00:00,0.0
Omidiyeh (Aghajari),2002-10-16 12:00:00,2.7268648
Omidiyeh (Aghajari),2002-11-16 00:00:00,21.554806
Omidiyeh (Aghajari),2002-12-16 12:00:00,50.981205
Omidiyeh (Aghajari),2003-01-16 12:00:00,58.584167
Omidiyeh (Aghajari),2003-02-15 00:00:00,29.207136
Omidiyeh (Aghajari),2003-03-16 12:00:00,21.833273
Omidiyeh (Aghajari),2003-04-16 00:00:00,12.416521
Omidiyeh (Aghajari),2003-05-16 12:00:00,1.2994764
Omidiyeh (Aghajari),2003-06-16 00:00:00,0.0
Omidiyeh (Aghajari),2003-07-16 12:00:00,0.0
Omidiyeh (Aghajari),2003-08-16 12:00:00,0.0
Omidiyeh (Aghajari),2003-09-16 00:00:00,0.0
Omidiyeh (Aghajari),2003-10-16 12:00:00,2.704294
Omidiyeh (Aghajari),2003-11-16 00:00:00,40.839733
Omidiyeh (Aghajari),2003-12-16 12:00:00,49.807877
Omidiyeh (Aghajari),2004-01-16 12:00:00,51.855858
Omidiyeh (Aghajari),2004-02-15 12:00:00,25.405544
Omidiyeh (Aghajari),2004-03-16 12:00:00,15.551246
Omidiyeh (Aghajari),2004-04-16 00:00:00,16.341257
Omidiyeh (Aghajari),2004-05-16 12:00:00,2.1172843
Omidiyeh (Aghajari),2004-06-16 00:00:00,0.0
Omidiyeh (Aghajari),2004-07-16 12:00:00,0.0
Omidiyeh (Aghajari),2004-08-16 12:00:00,0.0
Omidiyeh (Aghajari),2004-09-16 00:00:00,0.0
Omidiyeh (Aghajari),2004-10-16 12:00:00,3.921002
Omidiyeh (Aghajari),2004-11-16 00:00:00,22.700356
Omidiyeh (Aghajari),2004-12-16 12:00:00,44.532196
Omidiyeh (Aghajari),2005-01-16 12:00:00,53.440186
Omidiyeh (Aghajari),2005-02-15 00:00:00,19.111647
Omidiyeh (Aghajari),2005-03-16 12:00:00,14.977204
Omidiyeh (Aghajari),2005-04-16 00:00:00,12.815483
Omidiyeh (Aghajari),2005-05-16 12:00:00,0.9161231
Omidiyeh (Aghajari),2005-06-16 00:00:00,0.0
Omidiyeh (Aghajari),2005-07-16 12:00:00,0.0
Omidiyeh (Aghajari),2005-08-16 12:00:00,0.0
Omidiyeh (Aghajari),2005-09-16 00:00:00,0.0
Omidiyeh (Aghajari),2005-10-16 12:00:00,2.2911406
Omidiyeh (Aghajari),2005-11-16 00:00:00,25.087126
Omidiyeh (Aghajari),2005-12-16 12:00:00,43.470833
Omidiyeh (Aghajari),2006-01-16 12:00:00,45.853638
Omidiyeh (Aghajari),2006-02-15 00:00:00,37.874664
Omidiyeh (Aghajari),2006-03-16 12:00:00,25.827072
Omidiyeh (Aghajari),2006-04-16 00:00:00,12.262877
Omidiyeh (Aghajari),2006-05-16 12:00:00,2.0632725
Omidiyeh (Aghajari),2006-06-16 00:00:00,0.0
Omidiyeh (Aghajari),2006-07-16 12:00:00,0.0
Omidiyeh (Aghajari),2006-08-16 12:00:00,0.0
Omidiyeh (Aghajari),2006-09-16 00:00:00,0.0
Omidiyeh (Aghajari),2006-10-16 12:00:00,0.8907149
Omidiyeh (Aghajari),2006-11-16 00:00:00,34.1662
Omidiyeh (Aghajari),2006-12-16 12:00:00,52.527115
Omidiyeh (Aghajari),2007-01-16 12:00:00,43.097816
Omidiyeh (Aghajari),2007-02-15 00:00:00,22.950708
Omidiyeh (Aghajari),2007-03-16 12:00:00,25.261778
Omidiyeh (Aghajari),2007-04-16 00:00:00,16.957775
Omidiyeh (Aghajari),2007-05-16 12:00:00,1.2013423
Omidiyeh (Aghajari),2007-06-16 00:00:00,0.0
Omidiyeh (Aghajari),2007-07-16 12:00:00,0.0
Omidiyeh (Aghajari),2007-08-16 12:00:00,0.0
Omidiyeh (Aghajari),2007-09-16 00:00:00,0.0
Omidiyeh (Aghajari),2007-10-16 12:00:00,2.167619
Omidiyeh (Aghajari),2007-11-16 00:00:00,21.405365
Omidiyeh (Aghajari),2007-12-16 12:00:00,41.56706
Omidiyeh (Aghajari),2008-01-16 12:00:00,45.899574
Omidiyeh (Aghajari),2008-02-15 12:00:00,32.735695
Omidiyeh (Aghajari),2008-03-16 12:00:00,25.494915
Omidiyeh (Aghajari),2008-04-16 00:00:00,12.572365
Omidiyeh (Aghajari),2008-05-16 12:00:00,1.3729055
Omidiyeh (Aghajari),2008-06-16 00:00:00,0.0
Omidiyeh (Aghajari),2008-07-16 12:00:00,0.0
Omidiyeh (Aghajari),2008-08-16 12:00:00,0.0
Omidiyeh (Aghajari),2008-09-16 00:00:00,0.0
Omidiyeh (Aghajari),2008-10-16 12:00:00,1.6093837
Omidiyeh (Aghajari),2008-11-16 00:00:00,27.373144
Omidiyeh (Aghajari),2008-12-16 12:00:00,59.111645
Omidiyeh (Aghajari),2009-01-16 12:00:00,56.374115
Omidiyeh (Aghajari),2009-02-15 00:00:00,21.590755
Omidiyeh (Aghajari),2009-03-16 12:00:00,24.210907
Omidiyeh (Aghajari),2009-04-16 00:00:00,10.854251
Omidiyeh (Aghajari),2009-05-16 12:00:00,1.2637088
Omidiyeh (Aghajari),2009-06-16 00:00:00,0.0
Omidiyeh (Aghajari),2009-07-16 12:00:00,0.0
Omidiyeh (Aghajari),2009-08-16 12:00:00,0.0
Omidiyeh (Aghajari),2009-09-16 00:00:00,0.0
Omidiyeh (Aghajari),2009-10-16 12:00:00,4.623645
Omidiyeh (Aghajari),2009-11-16 00:00:00,32.159523
Omidiyeh (Aghajari),2009-12-16 12:00:00,51.357185
Omidiyeh (Aghajari),2010-01-16 12:00:00,50.9671
Omidiyeh (Aghajari),2010-02-15 00:00:00,39.76297
Omidiyeh (Aghajari),2010-03-16 12:00:00,20.031515
Omidiyeh (Aghajari),2010-04-16 00:00:00,18.173859
Omidiyeh (Aghajari),2010-05-16 12:00:00,1.7911751
Omidiyeh (Aghajari),2010-06-16 00:00:00,0.0
Omidiyeh (Aghajari),2010-07-16 12:00:00,0.0
Omidiyeh (Aghajari),2010-08-16 12:00:00,0.0
Omidiyeh (Aghajari),2010-09-16 00:00:00,0.0
Omidiyeh (Aghajari),2010-10-16 12:00:00,6.303155
Omidiyeh (Aghajari),2010-11-16 00:00:00,23.882233
Omidiyeh (Aghajari),2010-12-16 12:00:00,48.920525
Omidiyeh (Aghajari),2011-01-16 12:00:00,53.676697
Omidiyeh (Aghajari),2011-02-15 00:00:00,36.983475
Omidiyeh (Aghajari),2011-03-16 12:00:00,25.534664
Omidiyeh (Aghajari),2011-04-16 00:00:00,11.666489
Omidiyeh (Aghajari),2011-05-16 12:00:00,1.375203
Omidiyeh (Aghajari),2011-06-16 00:00:00,0.0
Omidiyeh (Aghajari),2011-07-16 12:00:00,0.0
Omidiyeh (Aghajari),2011-08-16 12:00:00,0.0
Omidiyeh (Aghajari),2011-09-16 00:00:00,0.0
Omidiyeh (Aghajari),2011-10-16 12:00:00,2.7541056
Omidiyeh (Aghajari),2011-11-16 00:00:00,37.828278
Omidiyeh (Aghajari),2011-12-16 12:00:00,58.596233
Omidiyeh (Aghajari),2012-01-16 12:00:00,67.80808
Omidiyeh (Aghajari),2012-02-15 12:00:00,27.799955
Omidiyeh (Aghajari),2012-03-16 12:00:00,28.067448
Omidiyeh (Aghajari),2012-04-16 00:00:00,17.222015
Omidiyeh (Aghajari),2012-05-16 12:00:00,1.6959708
Omidiyeh (Aghajari),2012-06-16 00:00:00,0.0
Omidiyeh (Aghajari),2012-07-16 12:00:00,0.0
Omidiyeh (Aghajari),2012-08-16 12:00:00,0.0
Omidiyeh (Aghajari),2012-09-16 00:00:00,0.0
Omidiyeh (Aghajari),2012-10-16 12:00:00,6.868765
Omidiyeh (Aghajari),2012-11-16 00:00:00,37.998146
Omidiyeh (Aghajari),2012-12-16 12:00:00,63.460457
Omidiyeh (Aghajari),2013-01-16 12:00:00,53.844833
Omidiyeh (Aghajari),2013-02-15 00:00:00,32.887474
Omidiyeh (Aghajari),2013-03-16 12:00:00,14.535675
Omidiyeh (Aghajari),2013-04-16 00:00:00,14.118573
Omidiyeh (Aghajari),2013-05-16 12:00:00,1.346993
Omidiyeh (Aghajari),2013-06-16 00:00:00,0.0
Omidiyeh (Aghajari),2013-07-16 12:00:00,0.0
Omidiyeh (Aghajari),2013-08-16 12:00:00,0.0
Omidiyeh (Aghajari),2013-09-16 00:00:00,0.0
Omidiyeh (Aghajari),2013-10-16 12:00:00,3.0554495
Omidiyeh (Aghajari),2013-11-16 00:00:00,26.195784
Omidiyeh (Aghajari),2013-12-16 12:00:00,48.706287
Omidiyeh (Aghajari),2014-01-16 12:00:00,65.98901
Omidiyeh (Aghajari),2014-02-15 00:00:00,26.056618
Omidiyeh (Aghajari),2014-03-16 12:00:00,19.593035
Omidiyeh (Aghajari),2014-04-16 00:00:00,12.271989
Omidiyeh (Aghajari),2014-05-16 12:00:00,0.8996667
Omidiyeh (Aghajari),2014-06-16 00:00:00,0.0
Omidiyeh (Aghajari),2014-07-16 12:00:00,0.0
Omidiyeh (Aghajari),2014-08-16 12:00:00,0.0
Omidiyeh (Aghajari),2014-09-16 00:00:00,0.0
Omidiyeh (Aghajari),2014-10-16 12:00:00,1.7578187
Omidiyeh (Aghajari),2014-11-16 00:00:00,27.514084
Omidiyeh (Aghajari),2014-12-16 12:00:00,49.70977
