Station,Date,Precipitation
Tehran (Mehrabad Airport),1985-01-16 12:00:00,27.58891
Tehran (Mehrabad Airport),1985-02-15 00:00:00,26.214037
Tehran (Mehrabad Airport),1985-03-16 12:00:00,41.8942
Tehran (Mehrabad Airport),1985-04-16 00:00:00,40.634075
Tehran (Mehrabad Airport),1985-05-16 12:00:00,27.973734
Tehran (Mehrabad Airport),1985-06-16 00:00:00,3.291265
Tehran (Mehrabad Airport),1985-07-16 12:00:00,1.4420085
Tehran (Mehrabad Airport),1985-08-16 12:00:00,1.1754435
Tehran (Mehrabad Airport),1985-09-16 00:00:00,0.9171894
Tehran (Mehrabad Airport),1985-10-16 12:00:00,19.193586
Tehran (Mehrabad Airport),1985-11-16 00:00:00,24.363346
Tehran (Mehrabad Airport),1985-12-16 12:00:00,28.20535
Tehran (Mehrabad Airport),1986-01-16 12:00:00,27.957859
Tehran (Mehrabad Airport),1986-02-15 00:00:00,30.417524
Tehran (Mehrabad Airport),1986-03-16 12:00:00,46.439342
Tehran (Mehrabad Airport),1986-04-16 00:00:00,40.572758
Tehran (Mehrabad Airport),1986-05-16 12:00:00,31.076487
Tehran (Mehrabad Airport),1986-06-16 00:00:00,3.0808969
Tehran (Mehrabad Airport),1986-07-16 12:00:00,0.78831667
Tehran (Mehrabad Airport),1986-08-16 12:00:00,0.74592596
Tehran (Mehrabad Airport),1986-09-16 00:00:00,0.46213558
Tehran (Mehrabad Airport),1986-10-16 12:00:00,5.7946334
Tehran (Mehrabad Airport),1986-11-16 00:00:00,28.189623
Tehran (Mehrabad Airport),1986-12-16 12:00:00,29.40862
Tehran (Mehrabad Airport),1987-01-16 12:00:00,25.731165
Tehran (Mehrabad Airport),1987-02-15 00:00:00,24.882301
Tehran (Mehrabad Airport),1987-03-16 12:00:00,45.89795
Tehran (Mehrabad Airport),1987-04-16 00:00:00,48.708878
Tehran (Mehrabad Airport),1987-05-16 12:00:00,21.863653
Tehran (Mehrabad Airport),1987-06-16 00:00:00,3.795844
Tehran (Mehrabad Airport),1987-07-16 12:00:00,1.1634929
Tehran (Mehrabad Airport),1987-08-16 12:00:00,0.26046726
Tehran (Mehrabad Airport),1987-09-16 00:00:00,0.8157891
Tehran (Mehrabad Airport),1987-10-16 12:00:00,11.593194
Tehran (Mehrabad Airport),1987-11-16 00:00:00,26.658941
Tehran (Mehrabad Airport),1987-12-16 12:00:00,26.789007
Tehran (Mehrabad Airport),1988-01-16 12:00:00,32.072124
Tehran (Mehrabad Airport),1988-02-15 12:00:00,28.637873
Tehran (Mehrabad Airport),1988-03-16 12:00:00,41.588863
Tehran (Mehrabad Airport),1988-04-16 00:00:00,33.591812
Tehran (Mehrabad Airport),1988-05-16 12:00:00,23.000223
Tehran (Mehrabad Airport),1988-06-16 00:00:00,3.7448986
Tehran (Mehrabad Airport),1988-07-16 12:00:00,0.58897316
Tehran (Mehrabad Airport),1988-08-16 12:00:00,0.879485
Tehran (Mehrabad Airport),1988-09-16 00:00:00,1.1390412
Tehran (Mehrabad Airport),1988-10-16 12:00:00,8.008678
Tehran (Mehrabad Airport),1988-11-16 00:00:00,25.255938
Tehran (Mehrabad Airport),1988-12-16 12:00:00,32.134735
Tehran (Mehrabad Airport),1989-01-16 12:00:00,32.68295
Tehran (Mehrabad Airport),1989-02-15 00:00:00,28.969019
Tehran (Mehrabad Airport),1989-03-16 12:00:00,46.45871
Tehran (Mehrabad Airport),1989-04-16 00:00:00,37.00865
Tehran (Mehrabad Airport),1989-05-16 12:00:00,24.80982
Tehran (Mehrabad Airport),1989-06-16 00:00:00,4.112934
Tehran (Mehrabad Airport),1989-07-16 12:00:00,1.2965792
Tehran (Mehrabad Airport),1989-08-16 12:00:00,0.28643322
Tehran (Mehrabad Airport),1989-09-16 00:00:00,1.0463016
Tehran (Mehrabad Airport),1989-10-16 12:00:00,11.703858
Tehran (Mehrabad Airport),1989-11-16 00:00:00,26.936071
Tehran (Mehrabad Airport),1989-12-16 12:00:00,27.73394
Tehran (Mehrabad Airport),1990-01-16 12:00:00,34.555405
Tehran (Mehrabad Airport),1990-02-15 00:00:00,26.252798
Tehran (Mehrabad Airport),1990-03-16 12:00:00,41.559574
Tehran (Mehrabad Airport),1990-04-16 00:00:00,44.139744
Tehran (Mehrabad Airport),1990-05-16 12:00:00,21.955206
Tehran (Mehrabad Airport),1990-06-16 00:00:00,2.5469034
Tehran (Mehrabad Airport),1990-07-16 12:00:00,0.87378895
Tehran (Mehrabad Airport),1990-08-16 12:00:00,0.06634272
Tehran (Mehrabad Airport),1990-09-16 00:00:00,0.9961516
Tehran (Mehrabad Airport),1990-10-16 12:00:00,14.278584
Tehran (Mehrabad Airport),1990-11-16 00:00:00,28.071455
Tehran (Mehrabad Airport),1990-12-16 12:00:00,33.12517
Tehran (Mehrabad Airport),1991-01-16 12:00:00,34.94004
Tehran (Mehrabad Airport),1991-02-15 00:00:00,33.90687
Tehran (Mehrabad Airport),1991-03-16 12:00:00,51.48052
Tehran (Mehrabad Airport),1991-04-16 00:00:00,44.55812
Tehran (Mehrabad Airport),1991-05-16 12:00:00,28.462946
Tehran (Mehrabad Airport),1991-06-16 00:00:00,3.5567157
Tehran (Mehrabad Airport),1991-07-16 12:00:00,0.5132249
Tehran (Mehrabad Airport),1991-08-16 12:00:00,0.56468225
Tehran (Mehrabad Airport),1991-09-16 00:00:00,0.6697724
Tehran (Mehrabad Airport),1991-10-16 12:00:00,11.483021
Tehran (Mehrabad Airport),1991-11-16 00:00:00,17.751516
Tehran (Mehrabad Airport),1991-12-16 12:00:00,28.47199
Tehran (Mehrabad Airport),1992-01-16 12:00:00,36.87752
Tehran (Mehrabad Airport),1992-02-15 12:00:00,28.943237
Tehran (Mehrabad Airport),1992-03-16 12:00:00,39.36216
Tehran (Mehrabad Airport),1992-04-16 00:00:00,29.262276
Tehran (Mehrabad Airport),1992-05-16 12:00:00,31.581436
Tehran (Mehrabad Airport),1992-06-16 00:00:00,2.0366254
Tehran (Mehrabad Airport),1992-07-16 12:00:00,1.4224753
Tehran (Mehrabad Airport),1992-08-16 12:00:00,1.7779012
Tehran (Mehrabad Airport),1992-09-16 00:00:00,0.7575583
Tehran (Mehrabad Airport),1992-10-16 12:00:00,15.752402
Tehran (Mehrabad Airport),1992-11-16 00:00:00,27.140526
Tehran (Mehrabad Airport),1992-12-16 12:00:00,34.175045
Tehran (Mehrabad Airport),1993-01-16 12:00:00,33.037746
Tehran (Mehrabad Airport),1993-02-15 00:00:00,31.759737
Tehran (Mehrabad Airport),1993-03-16 12:00:00,50.179108
Tehran (Mehrabad Airport),1993-04-16 00:00:00,45.844913
Tehran (Mehrabad Airport),1993-05-16 12:00:00,27.121458
Tehran (Mehrabad Airport),1993-06-16 00:00:00,4.208997
Tehran (Mehrabad Airport),1993-07-16 12:00:00,2.2031133
Tehran (Mehrabad Airport),1993-08-16 12:00:00,1.4787745
Tehran (Mehrabad Airport),1993-09-16 00:00:00,0.96573216
Tehran (Mehrabad Airport),1993-10-16 12:00:00,10.398108
Tehran (Mehrabad Airport),1993-11-16 00:00:00,22.53696
Tehran (Mehrabad Airport),1993-12-16 12:00:00,29.042583
Tehran (Mehrabad Airport),1994-01-16 12:00:00,34.769367
Tehran (Mehrabad Airport),1994-02-15 00:00:00,28.03027
Tehran (Mehrabad Airport),1994-03-16 12:00:00,49.501694
Tehran (Mehrabad Airport),1994-04-16 00:00:00,40.106518
Tehran (Mehrabad Airport),1994-05-16 12:00:00,34.224506
Tehran (Mehrabad Airport),1994-06-16 00:00:00,6.327714
Tehran (Mehrabad Airport),1994-07-16 12:00:00,0.53861195
Tehran (Mehrabad Airport),1994-08-16 12:00:00,1.03851
Tehran (Mehrabad Airport),1994-09-16 00:00:00,0.7517426
Tehran (Mehrabad Airport),1994-10-16 12:00:00,16.526432
Tehran (Mehrabad Airport),1994-11-16 00:00:00,26.32263
Tehran (Mehrabad Airport),1994-12-16 12:00:00,26.905535
Tehran (Mehrabad Airport),1995-01-16 12:00:00,30.767527
Tehran (Mehrabad Airport),1995-02-15 00:00:00,31.888466
Tehran (Mehrabad Airport),1995-03-16 12:00:00,42.724495
Tehran (Mehrabad Airport),1995-04-16 00:00:00,43.930252
Tehran (Mehrabad Airport),1995-05-16 12:00:00,25.700861
Tehran (Mehrabad Airport),1995-06-16 00:00:00,3.7502522
Tehran (Mehrabad Airport),1995-07-16 12:00:00,0.542357
Tehran (Mehrabad Airport),1995-08-16 12:00:00,1.2863493
Tehran (Mehrabad Airport),1995-09-16 00:00:00,0.8140889
Tehran (Mehrabad Airport),1995-10-16 12:00:00,9.641926
Tehran (Mehrabad Airport),1995-11-16 00:00:00,21.365892
Tehran (Mehrabad Airport),1995-12-16 12:00:00,28.470156
Tehran (Mehrabad Airport),1996-01-16 12:00:00,35.005356
Tehran (Mehrabad Airport),1996-02-15 12:00:00,30.649256
Tehran (Mehrabad Airport),1996-03-16 12:00:00,32.679527
Tehran (Mehrabad Airport),1996-04-16 00:00:00,33.3209
Tehran (Mehrabad Airport),1996-05-16 12:00:00,23.81733
Tehran (Mehrabad Airport),1996-06-16 00:00:00,2.340579
Tehran (Mehrabad Airport),1996-07-16 12:00:00,0.54526
Tehran (Mehrabad Airport),1996-08-16 12:00:00,0.47027645
Tehran (Mehrabad Airport),1996-09-16 00:00:00,0.51107836
Tehran (Mehrabad Airport),1996-10-16 12:00:00,9.204112
Tehran (Mehrabad Airport),1996-11-16 00:00:00,26.314749
Tehran (Mehrabad Airport),1996-12-16 12:00:00,28.153488
Tehran (Mehrabad Airport),1997-01-16 12:00:00,33.308308
Tehran (Mehrabad Airport),1997-02-15 00:00:00,33.42139
Tehran (Mehrabad Airport),1997-03-16 12:00:00,45.16063
Tehran (Mehrabad Airport),1997-04-16 00:00:00,42.911858
Tehran (Mehrabad Airport),1997-05-16 12:00:00,23.801958
Tehran (Mehrabad Airport),1997-06-16 00:00:00,2.8894951
Tehran (Mehrabad Airport),1997-07-16 12:00:00,1.9303526
Tehran (Mehrabad Airport),1997-08-16 12:00:00,0.53757435
Tehran (Mehrabad Airport),1997-09-16 00:00:00,0.6605446
Tehran (Mehrabad Airport),1997-10-16 12:00:00,10.294604
Tehran (Mehrabad Airport),1997-11-16 00:00:00,24.52468
Tehran (Mehrabad Airport),1997-12-16 12:00:00,24.908867
Tehran (Mehrabad Airport),1998-01-16 12:00:00,34.421318
Tehran (Mehrabad Airport),1998-02-15 00:00:00,24.279083
Tehran (Mehrabad Airport),1998-03-16 12:00:00,42.16459
Tehran (Mehrabad Airport),1998-04-16 00:00:00,39.606297
Tehran (Mehrabad Airport),1998-05-16 12:00:00,23.674885
Tehran (Mehrabad Airport),1998-06-16 00:00:00,5.271426
Tehran (Mehrabad Airport),1998-07-16 12:00:00,1.0432677
Tehran (Mehrabad Airport),1998-08-16 12:00:00,0.9863098
Tehran (Mehrabad Airport),1998-09-16 00:00:00,0.6891324
Tehran (Mehrabad Airport),1998-10-16 12:00:00,16.95957
Tehran (Mehrabad Airport),1998-11-16 00:00:00,25.358898
Tehran (Mehrabad Airport),1998-12-16 12:00:00,29.02791
Tehran (Mehrabad Airport),1999-01-16 12:00:00,28.937658
Tehran (Mehrabad Airport),1999-02-15 00:00:00,24.353924
Tehran (Mehrabad Airport),1999-03-16 12:00:00,43.38896
Tehran (Mehrabad Airport),1999-04-16 00:00:00,39.505524
Tehran (Mehrabad Airport),1999-05-16 12:00:00,21.886425
Tehran (Mehrabad Airport),1999-06-16 00:00:00,2.745029
Tehran (Mehrabad Airport),1999-07-16 12:00:00,0.40655246
Tehran (Mehrabad Airport),1999-08-16 12:00:00,0.5648987
Tehran (Mehrabad Airport),1999-09-16 00:00:00,0.8001815
Tehran (Mehrabad Airport),1999-10-16 12:00:00,10.477162
Tehran (Mehrabad Airport),1999-11-16 00:00:00,27.002056
Tehran (Mehrabad Airport),1999-12-16 12:00:00,30.014719
Tehran (Mehrabad Airport),2000-01-16 12:00:00,30.50905
Tehran (Mehrabad Airport),2000-02-15 12:00:00,33.478386
Tehran (Mehrabad Airport),2000-03-16 12:00:00,38.063595
Tehran (Mehrabad Airport),2000-04-16 00:00:00,35.05014
Tehran (Mehrabad Airport),2000-05-16 12:00:00,18.958242
Tehran (Mehrabad Airport),2000-06-16 00:00:00,2.369869
Tehran (Mehrabad Airport),2000-07-16 12:00:00,1.4048111
Tehran (Mehrabad Airport),2000-08-16 12:00:00,0.18558562
Tehran (Mehrabad Airport),2000-09-16 00:00:00,0.81655174
Tehran (Mehrabad Airport),2000-10-16 12:00:00,11.21314
Tehran (Mehrabad Airport),2000-11-16 00:00:00,30.042194
Tehran (Mehrabad Airport),2000-12-16 12:00:00,32.975407
Tehran (Mehrabad Airport),2001-01-16 12:00:00,35.97819
Tehran (Mehrabad Airport),2001-02-15 00:00:00,34.259922
Tehran (Mehrabad Airport),2001-03-16 12:00:00,41.955097
Tehran (Mehrabad Airport),2001-04-16 00:00:00,33.807465
Tehran (Mehrabad Airport),2001-05-16 12:00:00,22.999996
Tehran (Mehrabad Airport),2001-06-16 00:00:00,3.5627904
Tehran (Mehrabad Airport),2001-07-16 12:00:00,1.4063647
Tehran (Mehrabad Airport),2001-08-16 12:00:00,0.533854
Tehran (Mehrabad Airport),2001-09-16 00:00:00,0.5594163
Tehran (Mehrabad Airport),2001-10-16 12:00:00,13.332245
Tehran (Mehrabad Airport),2001-11-16 00:00:00,20.365139
Tehran (Mehrabad Airport),2001-12-16 12:00:00,35.96257
Tehran (Mehrabad Airport),2002-01-16 12:00:00,34.589935
Tehran (Mehrabad Airport),2002-02-15 00:00:00,23.409174
Tehran (Mehrabad Airport),2002-03-16 12:00:00,41.227386
Tehran (Mehrabad Airport),2002-04-16 00:00:00,32.933365
Tehran (Mehrabad Airport),2002-05-16 12:00:00,29.051165
Tehran (Mehrabad Airport),2002-06-16 00:00:00,4.445199
Tehran (Mehrabad Airport),2002-07-16 12:00:00,0.48269472
Tehran (Mehrabad Airport),2002-08-16 12:00:00,0.25796548
Tehran (Mehrabad Airport),2002-09-16 00:00:00,0.44613177
Tehran (Mehrabad Airport),2002-10-16 12:00:00,9.080229
Tehran (Mehrabad Airport),2002-11-16 00:00:00,21.573475
Tehran (Mehrabad Airport),2002-12-16 12:00:00,33.954407
Tehran (Mehrabad Airport),2003-01-16 12:00:00,32.583546
Tehran (Mehrabad Airport),2003-02-15 00:00:00,29.125767
Tehran (Mehrabad Airport),2003-03-16 12:00:00,40.15232
Tehran (Mehrabad Airport),2003-04-16 00:00:00,43.247925
Tehran (Mehrabad Airport),2003-05-16 12:00:00,27.05696
Tehran (Mehrabad Airport),2003-06-16 00:00:00,3.7387042
Tehran (Mehrabad Airport),2003-07-16 12:00:00,0.7615078
Tehran (Mehrabad Airport),2003-08-16 12:00:00,0.22199076
Tehran (Mehrabad Airport),2003-09-16 00:00:00,0.7783161
Tehran (Mehrabad Airport),2003-10-16 12:00:00,13.694258
Tehran (Mehrabad Airport),2003-11-16 00:00:00,29.066126
Tehran (Mehrabad Airport),2003-12-16 12:00:00,31.34882
Tehran (Mehrabad Airport),2004-01-16 12:00:00,37.72568
Tehran (Mehrabad Airport),2004-02-15 12:00:00,30.735247
Tehran (Mehrabad Airport),2004-03-16 12:00:00,38.702904
Tehran (Mehrabad Airport),2004-04-16 00:00:00,46.342896
Tehran (Mehrabad Airport),2004-05-16 12:00:00,31.496895
Tehran (Mehrabad Airport),2004-06-16 00:00:00,4.910694
Tehran (Mehrabad Airport),2004-07-16 12:00:00,1.3503356
Tehran (Mehrabad Airport),2004-08-16 12:00:00,0.59323126
Tehran (Mehrabad Airport),2004-09-16 00:00:00,0.5234602
Tehran (Mehrabad Airport),2004-10-16 12:00:00,15.289179
Tehran (Mehrabad Airport),2004-11-16 00:00:00,23.848269
Tehran (Mehrabad Airport),2004-12-16 12:00:00,35.042362
Tehran (Mehrabad Airport),2005-01-16 12:00:00,36.47231
Tehran (Mehrabad Airport),2005-02-15 00:00:00,29.32333
Tehran (Mehrabad Airport),2005-03-16 12:00:00,40.614788
Tehran (Mehrabad Airport),2005-04-16 00:00:00,42.906532
Tehran (Mehrabad Airport),2005-05-16 12:00:00,23.293436
Tehran (Mehrabad Airport),2005-06-16 00:00:00,2.983725
Tehran (Mehrabad Airport),2005-07-16 12:00:00,1.5000085
Tehran (Mehrabad Airport),2005-08-16 12:00:00,1.0621415
Tehran (Mehrabad Airport),2005-09-16 00:00:00,0.7234344
Tehran (Mehrabad Airport),2005-10-16 12:00:00,15.568884
Tehran (Mehrabad Airport),2005-11-16 00:00:00,30.265257
Tehran (Mehrabad Airport),2005-12-16 12:00:00,27.238611
Tehran (Mehrabad Airport),2006-01-16 12:00:00,29.630577
Tehran (Mehrabad Airport),2006-02-15 00:00:00,31.85292
Tehran (Mehrabad Airport),2006-03-16 12:00:00,43.299206
Tehran (Mehrabad Airport),2006-04-16 00:00:00,39.435688
Tehran (Mehrabad Airport),2006-05-16 12:00:00,17.511955
Tehran (Mehrabad Airport),2006-06-16 00:00:00,2.9805753
Tehran (Mehrabad Airport),2006-07-16 12:00:00,1.0669483
Tehran (Mehrabad Airport),2006-08-16 12:00:00,0.72076863
Tehran (Mehrabad Airport),2006-09-16 00:00:00,0.5450327
Tehran (Mehrabad Airport),2006-10-16 12:00:00,12.14184
Tehran (Mehrabad Airport),2006-11-16 00:00:00,28.580898
Tehran (Mehrabad Airport),2006-12-16 12:00:00,33.67783
Tehran (Mehrabad Airport),2007-01-16 12:00:00,27.824587
Tehran (Mehrabad Airport),2007-02-15 00:00:00,24.396645
Tehran (Mehrabad Airport),2007-03-16 12:00:00,47.641483
Tehran (Mehrabad Airport),2007-04-16 00:00:00,47.75887
Tehran (Mehrabad Airport),2007-05-16 12:00:00,26.61126
Tehran (Mehrabad Airport),2007-06-16 00:00:00,4.173902
Tehran (Mehrabad Airport),2007-07-16 12:00:00,0.42035395
Tehran (Mehrabad Airport),2007-08-16 12:00:00,0.85460293
Tehran (Mehrabad Airport),2007-09-16 00:00:00,0.84868443
Tehran (Mehrabad Airport),2007-10-16 12:00:00,10.848185
Tehran (Mehrabad Airport),2007-11-16 00:00:00,24.702295
Tehran (Mehrabad Airport),2007-12-16 12:00:00,28.657793
Tehran (Mehrabad Airport),2008-01-16 12:00:00,33.98421
Tehran (Mehrabad Airport),2008-02-15 12:00:00,36.568592
Tehran (Mehrabad Airport),2008-03-16 12:00:00,42.530354
Tehran (Mehrabad Airport),2008-04-16 00:00:00,39.475796
Tehran (Mehrabad Airport),2008-05-16 12:00:00,20.381428
Tehran (Mehrabad Airport),2008-06-16 00:00:00,2.8746352
Tehran (Mehrabad Airport),2008-07-16 12:00:00,0.7039702
Tehran (Mehrabad Airport),2008-08-16 12:00:00,0.9534456
Tehran (Mehrabad Airport),2008-09-16 00:00:00,0.44374585
Tehran (Mehrabad Airport),2008-10-16 12:00:00,11.177761
Tehran (Mehrabad Airport),2008-11-16 00:00:00,26.697014
Tehran (Mehrabad Airport),2008-12-16 12:00:00,30.758375
Tehran (Mehrabad Airport),2009-01-16 12:00:00,31.632915
Tehran (Mehrabad Airport),2009-02-15 00:00:00,26.409834
Tehran (Mehrabad Airport),2009-03-16 12:00:00,40.335995
Tehran (Mehrabad Airport),2009-04-16 00:00:00,35.215748
Tehran (Mehrabad Airport),2009-05-16 12:00:00,28.535429
Tehran (Mehrabad Airport),2009-06-16 00:00:00,2.3137693
Tehran (Mehrabad Airport),2009-07-16 12:00:00,0.6309146
Tehran (Mehrabad Airport),2009-08-16 12:00:00,0.086756565
Tehran (Mehrabad Airport),2009-09-16 00:00:00,0.63216126
Tehran (Mehrabad Airport),2009-10-16 12:00:00,16.407915
Tehran (Mehrabad Airport),2009-11-16 00:00:00,32.288624
Tehran (Mehrabad Airport),2009-12-16 12:00:00,34.05419
Tehran (Mehrabad Airport),2010-01-16 12:00:00,35.09141
Tehran (Mehrabad Airport),2010-02-15 00:00:00,33.34943
Tehran (Mehrabad Airport),2010-03-16 12:00:00,40.880383
Tehran (Mehrabad Airport),2010-04-16 00:00:00,47.735622
Tehran (Mehrabad Airport),2010-05-16 12:00:00,27.106373
Tehran (Mehrabad Airport),2010-06-16 00:00:00,5.8623457
Tehran (Mehrabad Airport),2010-07-16 12:00:00,1.3137474
Tehran (Mehrabad Airport),2010-08-16 12:00:00,0.36851394
Tehran (Mehrabad Airport),2010-09-16 00:00:00,0.56921434
Tehran (Mehrabad Airport),2010-10-16 12:00:00,13.045189
Tehran (Mehrabad Airport),2010-11-16 00:00:00,26.337198
Tehran (Mehrabad Airport),2010-12-16 12:00:00,30.681284
Tehran (Mehrabad Airport),2011-01-16 12:00:00,31.225225
Tehran (Mehrabad Airport),2011-02-15 00:00:00,31.80655
Tehran (Mehrabad Airport),2011-03-16 12:00:00,47.544704
Tehran (Mehrabad Airport),2011-04-16 00:00:00,44.880024
Tehran (Mehrabad Airport),2011-05-16 12:00:00,22.20381
Tehran (Mehrabad Airport),2011-06-16 00:00:00,5.071848
Tehran (Mehrabad Airport),2011-07-16 12:00:00,0.9703532
Tehran (Mehrabad Airport),2011-08-16 12:00:00,0.44172233
Tehran (Mehrabad Airport),2011-09-16 00:00:00,0.5151958
Tehran (Mehrabad Airport),2011-10-16 12:00:00,11.011964
Tehran (Mehrabad Airport),2011-11-16 00:00:00,32.55832
Tehran (Mehrabad Airport),2011-12-16 12:00:00,38.56141
Tehran (Mehrabad Airport),2012-01-16 12:00:00,35.085896
Tehran (Mehrabad Airport),2012-02-15 12:00:00,35.551743
Tehran (Mehrabad Airport),2012-03-16 12:00:00,45.931847
Tehran (Mehrabad Airport),2012-04-16 00:00:00,41.023476
Tehran (Mehrabad Airport),2012-05-16 12:00:00,30.57047
Tehran (Mehrabad Airport),2012-06-16 00:00:00,3.043106
Tehran (Mehrabad Airport),2012-07-16 12:00:00,0.77685994
Tehran (Mehrabad Airport),2012-08-16 12:00:00,0.26988342
Tehran (Mehrabad Airport),2012-09-16 00:00:00,0.8769959
Tehran (Mehrabad Airport),2012-10-16 12:00:00,14.885541
Tehran (Mehrabad Airport),2012-11-16 00:00:00,34.169903
Tehran (Mehrabad Airport),2012-12-16 12:00:00,35.65696
Tehran (Mehrabad Airport),2013-01-16 12:00:00,31.090406
Tehran (Mehrabad Airport),2013-02-15 00:00:00,31.873283
Tehran (Mehrabad Airport),2013-03-16 12:00:00,34.212944
Tehran (Mehrabad Airport),2013-04-16 00:00:00,38.91242
Tehran (Mehrabad Airport),2013-05-16 12:00:00,24.975885
Tehran (Mehrabad Airport),2013-06-16 00:00:00,6.1300626
Tehran (Mehrabad Airport),2013-07-16 12:00:00,0.96364355
Tehran (Mehrabad Airport),2013-08-16 12:00:00,0.24068351
Tehran (Mehrabad Airport),2013-09-16 00:00:00,0.36437556
Tehran (Mehrabad Airport),2013-10-16 12:00:00,11.300946
Tehran (Mehrabad Airport),2013-11-16 00:00:00,24.574883
Tehran (Mehrabad Airport),2013-12-16 12:00:00,29.637283
Tehran (Mehrabad Airport),2014-01-16 12:00:00,38.664177
Tehran (Mehrabad Airport),2014-02-15 00:00:00,34.44061
Tehran (Mehrabad Airport),2014-03-16 12:00:00,37.50688
Tehran (Mehrabad Airport),2014-04-16 00:00:00,41.808224
Tehran (Mehrabad Airport),2014-05-16 12:00:00,23.00167
Tehran (Mehrabad Airport),2014-06-16 00:00:00,2.711971
Tehran (Mehrabad Airport),2014-07-16 12:00:00,0.5914977
Tehran (Mehrabad Airport),2014-08-16 12:00:00,0.22358872
Tehran (Mehrabad Airport),2014-09-16 00:00:00,1.0136492
Tehran (Mehrabad Airport),2014-10-16 12:00:00,12.788461
Tehran (Mehrabad Airport),2014-11-16 00:00:00,27.536499
Tehran (Mehrabad Airport),2014-12-16 12:00:00,26.139944
