Station,Date,Precipitation
Torbat-E Heydariyeh,1985-01-16 12:00:00,21.188368
Torbat-E Heydariyeh,1985-02-15 00:00:00,26.777853
Torbat-E Heydariyeh,1985-03-16 12:00:00,45.923088
Torbat-E Heydariyeh,1985-04-16 00:00:00,37.132538
Torbat-E Heydariyeh,1985-05-16 12:00:00,27.468319
Torbat-E Heydariyeh,1985-06-16 00:00:00,0.7794219
Torbat-E Heydariyeh,1985-07-16 12:00:00,0.0
Torbat-E Heydariyeh,1985-08-16 12:00:00,0.0
Torbat-E Heydariyeh,1985-09-16 00:00:00,0.0
Torbat-E Heydariyeh,1985-10-16 12:00:00,3.3052444
Torbat-E Heydariyeh,1985-11-16 00:00:00,16.884768
Torbat-E Heydariyeh,1985-12-16 12:00:00,16.912218
Torbat-E Heydariyeh,1986-01-16 12:00:00,28.528536
Torbat-E Heydariyeh,1986-02-15 00:00:00,31.3345
Torbat-E Heydariyeh,1986-03-16 12:00:00,61.263283
Torbat-E Heydariyeh,1986-04-16 00:00:00,45.81199
Torbat-E Heydariyeh,1986-05-16 12:00:00,32.138184
Torbat-E Heydariyeh,1986-06-16 00:00:00,0.43394575
Torbat-E Heydariyeh,1986-07-16 12:00:00,0.0
Torbat-E Heydariyeh,1986-08-16 12:00:00,0.0
Torbat-E Heydariyeh,1986-09-16 00:00:00,0.0
Torbat-E Heydariyeh,1986-10-16 12:00:00,1.6076957
Torbat-E Heydariyeh,1986-11-16 00:00:00,19.724937
Torbat-E Heydariyeh,1986-12-16 12:00:00,21.04628
Torbat-E Heydariyeh,1987-01-16 12:00:00,24.623482
Torbat-E Heydariyeh,1987-02-15 00:00:00,36.899586
Torbat-E Heydariyeh,1987-03-16 12:00:00,49.24134
Torbat-E Heydariyeh,1987-04-16 00:00:00,43.980244
Torbat-E Heydariyeh,1987-05-16 12:00:00,24.184753
Torbat-E Heydariyeh,1987-06-16 00:00:00,0.26671842
Torbat-E Heydariyeh,1987-07-16 12:00:00,0.0
Torbat-E Heydariyeh,1987-08-16 12:00:00,0.0
Torbat-E Heydariyeh,1987-09-16 00:00:00,0.0
Torbat-E Heydariyeh,1987-10-16 12:00:00,2.9718876
Torbat-E Heydariyeh,1987-11-16 00:00:00,16.968342
Torbat-E Heydariyeh,1987-12-16 12:00:00,21.62885
Torbat-E Heydariyeh,1988-01-16 12:00:00,28.785234
Torbat-E Heydariyeh,1988-02-15 12:00:00,42.823334
Torbat-E Heydariyeh,1988-03-16 12:00:00,51.076107
Torbat-E Heydariyeh,1988-04-16 00:00:00,37.511166
Torbat-E Heydariyeh,1988-05-16 12:00:00,14.852016
Torbat-E Heydariyeh,1988-06-16 00:00:00,0.66614544
Torbat-E Heydariyeh,1988-07-16 12:00:00,0.0
Torbat-E Heydariyeh,1988-08-16 12:00:00,0.0
Torbat-E Heydariyeh,1988-09-16 00:00:00,0.0
Torbat-E Heydariyeh,1988-10-16 12:00:00,1.5955662
Torbat-E Heydariyeh,1988-11-16 00:00:00,14.76571
Torbat-E Heydariyeh,1988-12-16 12:00:00,20.571293
Torbat-E Heydariyeh,1989-01-16 12:00:00,27.546677
Torbat-E Heydariyeh,1989-02-15 00:00:00,33.136322
Torbat-E Heydariyeh,1989-03-16 12:00:00,56.5566
Torbat-E Heydariyeh,1989-04-16 00:00:00,38.204548
Torbat-E Heydariyeh,1989-05-16 12:00:00,16.902866
Torbat-E Heydariyeh,1989-06-16 00:00:00,0.6018061
Torbat-E Heydariyeh,1989-07-16 12:00:00,0.0
Torbat-E Heydariyeh,1989-08-16 12:00:00,0.0
Torbat-E Heydariyeh,1989-09-16 00:00:00,0.0
Torbat-E Heydariyeh,1989-10-16 12:00:00,5.0026336
Torbat-E Heydariyeh,1989-11-16 00:00:00,18.394802
Torbat-E Heydariyeh,1989-12-16 12:00:00,24.312151
Torbat-E Heydariyeh,1990-01-16 12:00:00,36.03989
Torbat-E Heydariyeh,1990-02-15 00:00:00,29.558409
Torbat-E Heydariyeh,1990-03-16 12:00:00,52.738266
Torbat-E Heydariyeh,1990-04-16 00:00:00,47.678547
Torbat-E Heydariyeh,1990-05-16 12:00:00,25.640284
Torbat-E Heydariyeh,1990-06-16 00:00:00,0.389979
Torbat-E Heydariyeh,1990-07-16 12:00:00,0.0
Torbat-E Heydariyeh,1990-08-16 12:00:00,0.0
Torbat-E Heydariyeh,1990-09-16 00:00:00,0.0
Torbat-E Heydariyeh,1990-10-16 12:00:00,3.590634
Torbat-E Heydariyeh,1990-11-16 00:00:00,18.518871
Torbat-E Heydariyeh,1990-12-16 12:00:00,27.109951
Torbat-E Heydariyeh,1991-01-16 12:00:00,36.460136
Torbat-E Heydariyeh,1991-02-15 00:00:00,39.50952
Torbat-E Heydariyeh,1991-03-16 12:00:00,56.647762
Torbat-E Heydariyeh,1991-04-16 00:00:00,51.710278
Torbat-E Heydariyeh,1991-05-16 12:00:00,21.803305
Torbat-E Heydariyeh,1991-06-16 00:00:00,0.56456846
Torbat-E Heydariyeh,1991-07-16 12:00:00,0.0
Torbat-E Heydariyeh,1991-08-16 12:00:00,0.0
Torbat-E Heydariyeh,1991-09-16 00:00:00,0.0
Torbat-E Heydariyeh,1991-10-16 12:00:00,3.7968924
Torbat-E Heydariyeh,1991-11-16 00:00:00,11.491096
Torbat-E Heydariyeh,1991-12-16 12:00:00,15.951372
Torbat-E Heydariyeh,1992-01-16 12:00:00,31.357176
Torbat-E Heydariyeh,1992-02-15 12:00:00,35.12006
Torbat-E Heydariyeh,1992-03-16 12:00:00,50.48465
Torbat-E Heydariyeh,1992-04-16 00:00:00,32.918137
Torbat-E Heydariyeh,1992-05-16 12:00:00,28.448875
Torbat-E Heydariyeh,1992-06-16 00:00:00,0.2592422
Torbat-E Heydariyeh,1992-07-16 12:00:00,0.0
Torbat-E Heydariyeh,1992-08-16 12:00:00,0.0
Torbat-E Heydariyeh,1992-09-16 00:00:00,0.0
Torbat-E Heydariyeh,1992-10-16 12:00:00,8.319788
Torbat-E Heydariyeh,1992-11-16 00:00:00,19.910267
Torbat-E Heydariyeh,1992-12-16 12:00:00,26.908592
Torbat-E Heydariyeh,1993-01-16 12:00:00,37.684784
Torbat-E Heydariyeh,1993-02-15 00:00:00,40.67944
Torbat-E Heydariyeh,1993-03-16 12:00:00,56.453415
Torbat-E Heydariyeh,1993-04-16 00:00:00,51.82852
Torbat-E Heydariyeh,1993-05-16 12:00:00,25.12472
Torbat-E Heydariyeh,1993-06-16 00:00:00,0.93524486
Torbat-E Heydariyeh,1993-07-16 12:00:00,0.0
Torbat-E Heydariyeh,1993-08-16 12:00:00,0.0
Torbat-E Heydariyeh,1993-09-16 00:00:00,0.0
Torbat-E Heydariyeh,1993-10-16 12:00:00,3.9253125
Torbat-E Heydariyeh,1993-11-16 00:00:00,12.110959
Torbat-E Heydariyeh,1993-12-16 12:00:00,30.240593
Torbat-E Heydariyeh,1994-01-16 12:00:00,32.24779
Torbat-E Heydariyeh,1994-02-15 00:00:00,36.81094
Torbat-E Heydariyeh,1994-03-16 12:00:00,65.34736
Torbat-E Heydariyeh,1994-04-16 00:00:00,43.08563
Torbat-E Heydariyeh,1994-05-16 12:00:00,28.54222
Torbat-E Heydariyeh,1994-06-16 00:00:00,1.4042091
Torbat-E Heydariyeh,1994-07-16 12:00:00,0.0
Torbat-E Heydariyeh,1994-08-16 12:00:00,0.0
Torbat-E Heydariyeh,1994-09-16 00:00:00,0.0
Torbat-E Heydariyeh,1994-10-16 12:00:00,4.5754538
Torbat-E Heydariyeh,1994-11-16 00:00:00,14.422542
Torbat-E Heydariyeh,1994-12-16 12:00:00,19.277754
Torbat-E Heydariyeh,1995-01-16 12:00:00,32.458164
Torbat-E Heydariyeh,1995-02-15 00:00:00,36.521076
Torbat-E Heydariyeh,1995-03-16 12:00:00,45.27856
Torbat-E Heydariyeh,1995-04-16 00:00:00,47.08266
Torbat-E Heydariyeh,1995-05-16 12:00:00,24.110785
Torbat-E Heydariyeh,1995-06-16 00:00:00,0.85769594
Torbat-E Heydariyeh,1995-07-16 12:00:00,0.0
Torbat-E Heydariyeh,1995-08-16 12:00:00,0.0
Torbat-E Heydariyeh,1995-09-16 00:00:00,0.0
Torbat-E Heydariyeh,1995-10-16 12:00:00,2.7245157
Torbat-E Heydariyeh,1995-11-16 00:00:00,18.54107
Torbat-E Heydariyeh,1995-12-16 12:00:00,20.926521
Torbat-E Heydariyeh,1996-01-16 12:00:00,36.394268
Torbat-E Heydariyeh,1996-02-15 12:00:00,34.65164
Torbat-E Heydariyeh,1996-03-16 12:00:00,39.090252
Torbat-E Heydariyeh,1996-04-16 00:00:00,37.558064
Torbat-E Heydariyeh,1996-05-16 12:00:00,23.617403
Torbat-E Heydariyeh,1996-06-16 00:00:00,0.059646565
Torbat-E Heydariyeh,1996-07-16 12:00:00,0.0
Torbat-E Heydariyeh,1996-08-16 12:00:00,0.0
Torbat-E Heydariyeh,1996-09-16 00:00:00,0.0
Torbat-E Heydariyeh,1996-10-16 12:00:00,3.5578718
Torbat-E Heydariyeh,1996-11-16 00:00:00,17.194365
Torbat-E Heydariyeh,1996-12-16 12:00:00,20.485773
Torbat-E Heydariyeh,1997-01-16 12:00:00,34.629257
Torbat-E Heydariyeh,1997-02-15 00:00:00,35.819466
Torbat-E Heydariyeh,1997-03-16 12:00:00,65.55586
Torbat-E Heydariyeh,1997-04-16 00:00:00,49.97981
Torbat-E Heydariyeh,1997-05-16 12:00:00,18.23685
Torbat-E Heydariyeh,1997-06-16 00:00:00,0.45886052
Torbat-E Heydariyeh,1997-07-16 12:00:00,0.0
Torbat-E Heydariyeh,1997-08-16 12:00:00,0.0
Torbat-E Heydariyeh,1997-09-16 00:00:00,0.0
Torbat-E Heydariyeh,1997-10-16 12:00:00,2.816826
Torbat-E Heydariyeh,1997-11-16 00:00:00,18.726454
Torbat-E Heydariyeh,1997-12-16 12:00:00,16.6555
Torbat-E Heydariyeh,1998-01-16 12:00:00,31.923016
Torbat-E Heydariyeh,1998-02-15 00:00:00,29.420197
Torbat-E Heydariyeh,1998-03-16 12:00:00,59.15643
Torbat-E Heydariyeh,1998-04-16 00:00:00,47.539562
Torbat-E Heydariyeh,1998-05-16 12:00:00,25.881975
Torbat-E Heydariyeh,1998-06-16 00:00:00,1.4972644
Torbat-E Heydariyeh,1998-07-16 12:00:00,0.0
Torbat-E Heydariyeh,1998-08-16 12:00:00,0.0
Torbat-E Heydariyeh,1998-09-16 00:00:00,0.0
Torbat-E Heydariyeh,1998-10-16 12:00:00,6.4760847
Torbat-E Heydariyeh,1998-11-16 00:00:00,17.525879
Torbat-E Heydariyeh,1998-12-16 12:00:00,18.27794
Torbat-E Heydariyeh,1999-01-16 12:00:00,33.78291
Torbat-E Heydariyeh,1999-02-15 00:00:00,27.438238
Torbat-E Heydariyeh,1999-03-16 12:00:00,56.109642
Torbat-E Heydariyeh,1999-04-16 00:00:00,49.211246
Torbat-E Heydariyeh,1999-05-16 12:00:00,20.784779
Torbat-E Heydariyeh,1999-06-16 00:00:00,0.7692491
Torbat-E Heydariyeh,1999-07-16 12:00:00,0.0
Torbat-E Heydariyeh,1999-08-16 12:00:00,0.0
Torbat-E Heydariyeh,1999-09-16 00:00:00,0.0
Torbat-E Heydariyeh,1999-10-16 12:00:00,1.8142533
Torbat-E Heydariyeh,1999-11-16 00:00:00,14.660229
Torbat-E Heydariyeh,1999-12-16 12:00:00,17.758263
Torbat-E Heydariyeh,2000-01-16 12:00:00,19.96211
Torbat-E Heydariyeh,2000-02-15 12:00:00,28.46483
Torbat-E Heydariyeh,2000-03-16 12:00:00,41.71896
Torbat-E Heydariyeh,2000-04-16 00:00:00,40.148426
Torbat-E Heydariyeh,2000-05-16 12:00:00,18.110786
Torbat-E Heydariyeh,2000-06-16 00:00:00,0.08893201
Torbat-E Heydariyeh,2000-07-16 12:00:00,0.0
Torbat-E Heydariyeh,2000-08-16 12:00:00,0.0
Torbat-E Heydariyeh,2000-09-16 00:00:00,0.0
Torbat-E Heydariyeh,2000-10-16 12:00:00,3.5591922
Torbat-E Heydariyeh,2000-11-16 00:00:00,18.769327
Torbat-E Heydariyeh,2000-12-16 12:00:00,20.360376
Torbat-E Heydariyeh,2001-01-16 12:00:00,31.552917
Torbat-E Heydariyeh,2001-02-15 00:00:00,38.117153
Torbat-E Heydariyeh,2001-03-16 12:00:00,48.766743
Torbat-E Heydariyeh,2001-04-16 00:00:00,41.617687
Torbat-E Heydariyeh,2001-05-16 12:00:00,26.737492
Torbat-E Heydariyeh,2001-06-16 00:00:00,0.5795987
Torbat-E Heydariyeh,2001-07-16 12:00:00,0.0
Torbat-E Heydariyeh,2001-08-16 12:00:00,0.0
Torbat-E Heydariyeh,2001-09-16 00:00:00,0.0
Torbat-E Heydariyeh,2001-10-16 12:00:00,5.2051034
Torbat-E Heydariyeh,2001-11-16 00:00:00,12.474491
Torbat-E Heydariyeh,2001-12-16 12:00:00,21.142296
Torbat-E Heydariyeh,2002-01-16 12:00:00,26.27261
Torbat-E Heydariyeh,2002-02-15 00:00:00,30.299576
Torbat-E Heydariyeh,2002-03-16 12:00:00,56.87867
Torbat-E Heydariyeh,2002-04-16 00:00:00,40.110813
Torbat-E Heydariyeh,2002-05-16 12:00:00,21.873577
Torbat-E Heydariyeh,2002-06-16 00:00:00,0.70888245
Torbat-E Heydariyeh,2002-07-16 12:00:00,0.0
Torbat-E Heydariyeh,2002-08-16 12:00:00,0.0
Torbat-E Heydariyeh,2002-09-16 00:00:00,0.0
Torbat-E Heydariyeh,2002-10-16 12:00:00,4.045138
Torbat-E Heydariyeh,2002-11-16 00:00:00,10.710686
Torbat-E Heydariyeh,2002-12-16 12:00:00,24.171238
Torbat-E Heydariyeh,2003-01-16 12:00:00,32.904385
Torbat-E Heydariyeh,2003-02-15 00:00:00,31.607815
Torbat-E Heydariyeh,2003-03-16 12:00:00,48.549927
Torbat-E Heydariyeh,2003-04-16 00:00:00,52.99247
Torbat-E Heydariyeh,2003-05-16 12:00:00,26.865705
Torbat-E Heydariyeh,2003-06-16 00:00:00,0.4773079
Torbat-E Heydariyeh,2003-07-16 12:00:00,0.0
Torbat-E Heydariyeh,2003-08-16 12:00:00,0.0
Torbat-E Heydariyeh,2003-09-16 00:00:00,0.0
Torbat-E Heydariyeh,2003-10-16 12:00:00,2.9146256
Torbat-E Heydariyeh,2003-11-16 00:00:00,19.1566
Torbat-E Heydariyeh,2003-12-16 12:00:00,19.642519
Torbat-E Heydariyeh,2004-01-16 12:00:00,25.567493
Torbat-E Heydariyeh,2004-02-15 12:00:00,31.629501
Torbat-E Heydariyeh,2004-03-16 12:00:00,53.240704
Torbat-E Heydariyeh,2004-04-16 00:00:00,53.032627
Torbat-E Heydariyeh,2004-05-16 12:00:00,25.882057
Torbat-E Heydariyeh,2004-06-16 00:00:00,0.40771675
Torbat-E Heydariyeh,2004-07-16 12:00:00,0.0
Torbat-E Heydariyeh,2004-08-16 12:00:00,0.0
Torbat-E Heydariyeh,2004-09-16 00:00:00,0.0
Torbat-E Heydariyeh,2004-10-16 12:00:00,5.882308
Torbat-E Heydariyeh,2004-11-16 00:00:00,21.65071
Torbat-E Heydariyeh,2004-12-16 12:00:00,24.97519
Torbat-E Heydariyeh,2005-01-16 12:00:00,36.76599
Torbat-E Heydariyeh,2005-02-15 00:00:00,31.78092
Torbat-E Heydariyeh,2005-03-16 12:00:00,41.83138
Torbat-E Heydariyeh,2005-04-16 00:00:00,36.924274
Torbat-E Heydariyeh,2005-05-16 12:00:00,23.524233
Torbat-E Heydariyeh,2005-06-16 00:00:00,0.50654054
Torbat-E Heydariyeh,2005-07-16 12:00:00,0.0
Torbat-E Heydariyeh,2005-08-16 12:00:00,0.0
Torbat-E Heydariyeh,2005-09-16 00:00:00,0.0
Torbat-E Heydariyeh,2005-10-16 12:00:00,3.5663526
Torbat-E Heydariyeh,2005-11-16 00:00:00,18.676119
Torbat-E Heydariyeh,2005-12-16 12:00:00,20.61205
Torbat-E Heydariyeh,2006-01-16 12:00:00,37.27895
Torbat-E Heydariyeh,2006-02-15 00:00:00,41.116203
Torbat-E Heydariyeh,2006-03-16 12:00:00,49.031147
Torbat-E Heydariyeh,2006-04-16 00:00:00,43.73947
Torbat-E Heydariyeh,2006-05-16 12:00:00,16.481714
Torbat-E Heydariyeh,2006-06-16 00:00:00,0.19959214
Torbat-E Heydariyeh,2006-07-16 12:00:00,0.0
Torbat-E Heydariyeh,2006-08-16 12:00:00,0.0
Torbat-E Heydariyeh,2006-09-16 00:00:00,0.0
Torbat-E Heydariyeh,2006-10-16 12:00:00,5.04469
Torbat-E Heydariyeh,2006-11-16 00:00:00,18.011272
Torbat-E Heydariyeh,2006-12-16 12:00:00,25.03751
Torbat-E Heydariyeh,2007-01-16 12:00:00,29.75478
Torbat-E Heydariyeh,2007-02-15 00:00:00,24.695236
Torbat-E Heydariyeh,2007-03-16 12:00:00,68.95365
Torbat-E Heydariyeh,2007-04-16 00:00:00,53.913628
Torbat-E Heydariyeh,2007-05-16 12:00:00,26.539444
Torbat-E Heydariyeh,2007-06-16 00:00:00,1.2537137
Torbat-E Heydariyeh,2007-07-16 12:00:00,0.0
Torbat-E Heydariyeh,2007-08-16 12:00:00,0.0
Torbat-E Heydariyeh,2007-09-16 00:00:00,0.0
Torbat-E Heydariyeh,2007-10-16 12:00:00,4.6847973
Torbat-E Heydariyeh,2007-11-16 00:00:00,16.92313
Torbat-E Heydariyeh,2007-12-16 12:00:00,21.148695
Torbat-E Heydariyeh,2008-01-16 12:00:00,24.260723
Torbat-E Heydariyeh,2008-02-15 12:00:00,36.578487
Torbat-E Heydariyeh,2008-03-16 12:00:00,51.492603
Torbat-E Heydariyeh,2008-04-16 00:00:00,34.581963
Torbat-E Heydariyeh,2008-05-16 12:00:00,18.81945
Torbat-E Heydariyeh,2008-06-16 00:00:00,0.5370845
Torbat-E Heydariyeh,2008-07-16 12:00:00,0.0
Torbat-E Heydariyeh,2008-08-16 12:00:00,0.0
Torbat-E Heydariyeh,2008-09-16 00:00:00,0.0
Torbat-E Heydariyeh,2008-10-16 12:00:00,3.6219208
Torbat-E Heydariyeh,2008-11-16 00:00:00,13.5330515
Torbat-E Heydariyeh,2008-12-16 12:00:00,16.606075
Torbat-E Heydariyeh,2009-01-16 12:00:00,31.23937
Torbat-E Heydariyeh,2009-02-15 00:00:00,27.043592
Torbat-E Heydariyeh,2009-03-16 12:00:00,46.961597
Torbat-E Heydariyeh,2009-04-16 00:00:00,33.97871
Torbat-E Heydariyeh,2009-05-16 12:00:00,21.257402
Torbat-E Heydariyeh,2009-06-16 00:00:00,0.30403972
Torbat-E Heydariyeh,2009-07-16 12:00:00,0.0
Torbat-E Heydariyeh,2009-08-16 12:00:00,0.0
Torbat-E Heydariyeh,2009-09-16 00:00:00,0.0
Torbat-E Heydariyeh,2009-10-16 12:00:00,6.096227
Torbat-E Heydariyeh,2009-11-16 00:00:00,20.885748
Torbat-E Heydariyeh,2009-12-16 12:00:00,25.816141
Torbat-E Heydariyeh,2010-01-16 12:00:00,31.403786
Torbat-E Heydariyeh,2010-02-15 00:00:00,32.748035
Torbat-E Heydariyeh,2010-03-16 12:00:00,50.08729
Torbat-E Heydariyeh,2010-04-16 00:00:00,51.211376
Torbat-E Heydariyeh,2010-05-16 12:00:00,27.60434
Torbat-E Heydariyeh,2010-06-16 00:00:00,1.2843095
Torbat-E Heydariyeh,2010-07-16 12:00:00,0.0
Torbat-E Heydariyeh,2010-08-16 12:00:00,0.0
Torbat-E Heydariyeh,2010-09-16 00:00:00,0.0
Torbat-E Heydariyeh,2010-10-16 12:00:00,4.9885573
Torbat-E Heydariyeh,2010-11-16 00:00:00,14.2137
Torbat-E Heydariyeh,2010-12-16 12:00:00,20.284872
Torbat-E Heydariyeh,2011-01-16 12:00:00,26.051924
Torbat-E Heydariyeh,2011-02-15 00:00:00,42.838066
Torbat-E Heydariyeh,2011-03-16 12:00:00,63.618767
Torbat-E Heydariyeh,2011-04-16 00:00:00,38.93482
Torbat-E Heydariyeh,2011-05-16 12:00:00,17.415834
Torbat-E Heydariyeh,2011-06-16 00:00:00,0.39195457
Torbat-E Heydariyeh,2011-07-16 12:00:00,0.0
Torbat-E Heydariyeh,2011-08-16 12:00:00,0.0
Torbat-E Heydariyeh,2011-09-16 00:00:00,0.0
Torbat-E Heydariyeh,2011-10-16 12:00:00,5.3377333
Torbat-E Heydariyeh,2011-11-16 00:00:00,21.907368
Torbat-E Heydariyeh,2011-12-16 12:00:00,31.261461
Torbat-E Heydariyeh,2012-01-16 12:00:00,37.370094
Torbat-E Heydariyeh,2012-02-15 12:00:00,38.774387
Torbat-E Heydariyeh,2012-03-16 12:00:00,52.849377
Torbat-E Heydariyeh,2012-04-16 00:00:00,47.663857
Torbat-E Heydariyeh,2012-05-16 12:00:00,23.318796
Torbat-E Heydariyeh,2012-06-16 00:00:00,0.55905503
Torbat-E Heydariyeh,2012-07-16 12:00:00,0.0
Torbat-E Heydariyeh,2012-08-16 12:00:00,0.0
Torbat-E Heydariyeh,2012-09-16 00:00:00,0.0
Torbat-E Heydariyeh,2012-10-16 12:00:00,7.127975
Torbat-E Heydariyeh,2012-11-16 00:00:00,20.213516
Torbat-E Heydariyeh,2012-12-16 12:00:00,29.778831
Torbat-E Heydariyeh,2013-01-16 12:00:00,34.237164
Torbat-E Heydariyeh,2013-02-15 00:00:00,40.404953
Torbat-E Heydariyeh,2013-03-16 12:00:00,44.366093
Torbat-E Heydariyeh,2013-04-16 00:00:00,44.79865
Torbat-E Heydariyeh,2013-05-16 12:00:00,29.678371
Torbat-E Heydariyeh,2013-06-16 00:00:00,0.961249
Torbat-E Heydariyeh,2013-07-16 12:00:00,0.0
Torbat-E Heydariyeh,2013-08-16 12:00:00,0.0
Torbat-E Heydariyeh,2013-09-16 00:00:00,0.0
Torbat-E Heydariyeh,2013-10-16 12:00:00,4.0810194
Torbat-E Heydariyeh,2013-11-16 00:00:00,20.380499
Torbat-E Heydariyeh,2013-12-16 12:00:00,21.743965
Torbat-E Heydariyeh,2014-01-16 12:00:00,40.28603
Torbat-E Heydariyeh,2014-02-15 00:00:00,37.759308
Torbat-E Heydariyeh,2014-03-16 12:00:00,50.954002
Torbat-E Heydariyeh,2014-04-16 00:00:00,43.80354
Torbat-E Heydariyeh,2014-05-16 12:00:00,18.4627
Torbat-E Heydariyeh,2014-06-16 00:00:00,0.30373946
Torbat-E Heydariyeh,2014-07-16 12:00:00,0.0
Torbat-E Heydariyeh,2014-08-16 12:00:00,0.0
Torbat-E Heydariyeh,2014-09-16 00:00:00,0.0
Torbat-E Heydariyeh,2014-10-16 12:00:00,3.1224012
Torbat-E Heydariyeh,2014-11-16 00:00:00,20.37348
Torbat-E Heydariyeh,2014-12-16 12:00:00,21.524916
