Station,Date,Precipitation
Tehran (Mehrabad Airport),1985-01-16 12:00:00,3.4989868164062727
Tehran (Mehrabad Airport),1985-02-15 00:00:00,5.908288574218773
Tehran (Mehrabad Airport),1985-03-16 12:00:00,10.471826171875023
Tehran (Mehrabad Airport),1985-04-16 00:00:00,16.780755615234398
Tehran (Mehrabad Airport),1985-05-16 12:00:00,22.028771972656273
Tehran (Mehrabad Airport),1985-06-16 00:00:00,28.161096191406273
Tehran (Mehrabad Airport),1985-07-16 12:00:00,30.443658447265648
Tehran (Mehrabad Airport),1985-08-16 12:00:00,29.708184814453148
Tehran (Mehrabad Airport),1985-09-16 00:00:00,25.599908447265648
Tehran (Mehrabad Airport),1985-10-16 12:00:00,18.668298339843773
Tehran (Mehrabad Airport),1985-11-16 00:00:00,12.323541259765648
Tehran (Mehrabad Airport),1985-12-16 12:00:00,5.756341552734398
Tehran (Mehrabad Airport),1986-01-16 12:00:00,3.0445190429687727
Tehran (Mehrabad Airport),1986-02-15 00:00:00,5.473870849609398
Tehran (Mehrabad Airport),1986-03-16 12:00:00,11.204187011718773
Tehran (Mehrabad Airport),1986-04-16 00:00:00,17.019738769531273
Tehran (Mehrabad Airport),1986-05-16 12:00:00,22.418176269531273
Tehran (Mehrabad Airport),1986-06-16 00:00:00,27.627587890625023
Tehran (Mehrabad Airport),1986-07-16 12:00:00,30.621453857421898
Tehran (Mehrabad Airport),1986-08-16 12:00:00,29.408959960937523
Tehran (Mehrabad Airport),1986-09-16 00:00:00,25.399011230468773
Tehran (Mehrabad Airport),1986-10-16 12:00:00,19.421929931640648
Tehran (Mehrabad Airport),1986-11-16 00:00:00,12.452569580078148
Tehran (Mehrabad Airport),1986-12-16 12:00:00,6.112451171875023
Tehran (Mehrabad Airport),1987-01-16 12:00:00,3.7733093261718977
Tehran (Mehrabad Airport),1987-02-15 00:00:00,6.915063476562523
Tehran (Mehrabad Airport),1987-03-16 12:00:00,10.998010253906273
Tehran (Mehrabad Airport),1987-04-16 00:00:00,17.024438476562523
Tehran (Mehrabad Airport),1987-05-16 12:00:00,22.719506835937523
Tehran (Mehrabad Airport),1987-06-16 00:00:00,27.714440917968773
Tehran (Mehrabad Airport),1987-07-16 12:00:00,30.309136962890648
Tehran (Mehrabad Airport),1987-08-16 12:00:00,29.813165283203148
Tehran (Mehrabad Airport),1987-09-16 00:00:00,25.696038818359398
Tehran (Mehrabad Airport),1987-10-16 12:00:00,19.329400634765648
Tehran (Mehrabad Airport),1987-11-16 00:00:00,11.957971191406273
Tehran (Mehrabad Airport),1987-12-16 12:00:00,6.285180664062523
Tehran (Mehrabad Airport),1988-01-16 12:00:00,3.3174377441406477
Tehran (Mehrabad Airport),1988-02-15 12:00:00,6.064721679687523
Tehran (Mehrabad Airport),1988-03-16 12:00:00,10.790002441406273
Tehran (Mehrabad Airport),1988-04-16 00:00:00,16.838433837890648
Tehran (Mehrabad Airport),1988-05-16 12:00:00,22.403222656250023
Tehran (Mehrabad Airport),1988-06-16 00:00:00,27.700952148437523
Tehran (Mehrabad Airport),1988-07-16 12:00:00,30.453332519531273
Tehran (Mehrabad Airport),1988-08-16 12:00:00,29.929254150390648
Tehran (Mehrabad Airport),1988-09-16 00:00:00,25.402093505859398
Tehran (Mehrabad Airport),1988-10-16 12:00:00,19.092950439453148
Tehran (Mehrabad Airport),1988-11-16 00:00:00,12.007897949218773
Tehran (Mehrabad Airport),1988-12-16 12:00:00,5.770501708984398
Tehran (Mehrabad Airport),1989-01-16 12:00:00,3.2641845703125227
Tehran (Mehrabad Airport),1989-02-15 00:00:00,5.283471679687523
Tehran (Mehrabad Airport),1989-03-16 12:00:00,10.881951904296898
Tehran (Mehrabad Airport),1989-04-16 00:00:00,17.046929931640648
Tehran (Mehrabad Airport),1989-05-16 12:00:00,23.085534667968773
Tehran (Mehrabad Airport),1989-06-16 00:00:00,27.753717041015648
Tehran (Mehrabad Airport),1989-07-16 12:00:00,30.701776123046898
Tehran (Mehrabad Airport),1989-08-16 12:00:00,29.910333251953148
Tehran (Mehrabad Airport),1989-09-16 00:00:00,25.685754394531273
Tehran (Mehrabad Airport),1989-10-16 12:00:00,19.281884765625023
Tehran (Mehrabad Airport),1989-11-16 00:00:00,12.034143066406273
Tehran (Mehrabad Airport),1989-12-16 12:00:00,5.514855957031273
Tehran (Mehrabad Airport),1990-01-16 12:00:00,3.7763610839843977
Tehran (Mehrabad Airport),1990-02-15 00:00:00,6.335595703125023
Tehran (Mehrabad Airport),1990-03-16 12:00:00,11.260125732421898
Tehran (Mehrabad Airport),1990-04-16 00:00:00,17.242150878906273
Tehran (Mehrabad Airport),1990-05-16 12:00:00,22.739129638671898
Tehran (Mehrabad Airport),1990-06-16 00:00:00,28.332482910156273
Tehran (Mehrabad Airport),1990-07-16 12:00:00,31.019372558593773
Tehran (Mehrabad Airport),1990-08-16 12:00:00,30.107446289062523
Tehran (Mehrabad Airport),1990-09-16 00:00:00,26.121331787109398
Tehran (Mehrabad Airport),1990-10-16 12:00:00,19.594995117187523
Tehran (Mehrabad Airport),1990-11-16 00:00:00,12.435357666015648
Tehran (Mehrabad Airport),1990-12-16 12:00:00,5.644555664062523
Tehran (Mehrabad Airport),1991-01-16 12:00:00,3.9146667480468977
Tehran (Mehrabad Airport),1991-02-15 00:00:00,5.860467529296898
Tehran (Mehrabad Airport),1991-03-16 12:00:00,10.812615966796898
Tehran (Mehrabad Airport),1991-04-16 00:00:00,17.202661132812523
Tehran (Mehrabad Airport),1991-05-16 12:00:00,22.469476318359398
Tehran (Mehrabad Airport),1991-06-16 00:00:00,28.008691406250023
Tehran (Mehrabad Airport),1991-07-16 12:00:00,30.509240722656273
Tehran (Mehrabad Airport),1991-08-16 12:00:00,29.609124755859398
Tehran (Mehrabad Airport),1991-09-16 00:00:00,25.528436279296898
Tehran (Mehrabad Airport),1991-10-16 12:00:00,18.988610839843773
Tehran (Mehrabad Airport),1991-11-16 00:00:00,12.178796386718773
Tehran (Mehrabad Airport),1991-12-16 12:00:00,5.689263916015648
Tehran (Mehrabad Airport),1992-01-16 12:00:00,2.7580505371093977
Tehran (Mehrabad Airport),1992-02-15 12:00:00,5.046350097656273
Tehran (Mehrabad Airport),1992-03-16 12:00:00,10.445550537109398
Tehran (Mehrabad Airport),1992-04-16 00:00:00,17.196954345703148
Tehran (Mehrabad Airport),1992-05-16 12:00:00,21.479913330078148
Tehran (Mehrabad Airport),1992-06-16 00:00:00,27.227319335937523
Tehran (Mehrabad Airport),1992-07-16 12:00:00,29.491418457031273
Tehran (Mehrabad Airport),1992-08-16 12:00:00,29.219445800781273
Tehran (Mehrabad Airport),1992-09-16 00:00:00,25.360986328125023
Tehran (Mehrabad Airport),1992-10-16 12:00:00,18.493615722656273
Tehran (Mehrabad Airport),1992-11-16 00:00:00,11.411584472656273
Tehran (Mehrabad Airport),1992-12-16 12:00:00,5.398126220703148
Tehran (Mehrabad Airport),1993-01-16 12:00:00,2.9646240234375227
Tehran (Mehrabad Airport),1993-02-15 00:00:00,5.219293212890648
Tehran (Mehrabad Airport),1993-03-16 12:00:00,10.476708984375023
Tehran (Mehrabad Airport),1993-04-16 00:00:00,16.634698486328148
Tehran (Mehrabad Airport),1993-05-16 12:00:00,22.210504150390648
Tehran (Mehrabad Airport),1993-06-16 00:00:00,27.475762939453148
Tehran (Mehrabad Airport),1993-07-16 12:00:00,30.123254394531273
Tehran (Mehrabad Airport),1993-08-16 12:00:00,29.648248291015648
Tehran (Mehrabad Airport),1993-09-16 00:00:00,25.117181396484398
Tehran (Mehrabad Airport),1993-10-16 12:00:00,19.133233642578148
Tehran (Mehrabad Airport),1993-11-16 00:00:00,12.295922851562523
Tehran (Mehrabad Airport),1993-12-16 12:00:00,6.021203613281273
Tehran (Mehrabad Airport),1994-01-16 12:00:00,3.9285522460937727
Tehran (Mehrabad Airport),1994-02-15 00:00:00,5.889764404296898
Tehran (Mehrabad Airport),1994-03-16 12:00:00,10.900781250000023
Tehran (Mehrabad Airport),1994-04-16 00:00:00,16.965600585937523
Tehran (Mehrabad Airport),1994-05-16 12:00:00,22.370355224609398
Tehran (Mehrabad Airport),1994-06-16 00:00:00,27.558129882812523
Tehran (Mehrabad Airport),1994-07-16 12:00:00,30.561730957031273
Tehran (Mehrabad Airport),1994-08-16 12:00:00,29.750390625000023
Tehran (Mehrabad Airport),1994-09-16 00:00:00,25.723687744140648
Tehran (Mehrabad Airport),1994-10-16 12:00:00,19.378686523437523
Tehran (Mehrabad Airport),1994-11-16 00:00:00,12.205773925781273
Tehran (Mehrabad Airport),1994-12-16 12:00:00,6.091943359375023
Tehran (Mehrabad Airport),1995-01-16 12:00:00,3.5449462890625227
Tehran (Mehrabad Airport),1995-02-15 00:00:00,6.600610351562523
Tehran (Mehrabad Airport),1995-03-16 12:00:00,11.019036865234398
Tehran (Mehrabad Airport),1995-04-16 00:00:00,16.637689208984398
Tehran (Mehrabad Airport),1995-05-16 12:00:00,22.623681640625023
Tehran (Mehrabad Airport),1995-06-16 00:00:00,27.724694824218773
Tehran (Mehrabad Airport),1995-07-16 12:00:00,30.742852783203148
Tehran (Mehrabad Airport),1995-08-16 12:00:00,29.887994384765648
Tehran (Mehrabad Airport),1995-09-16 00:00:00,25.756066894531273
Tehran (Mehrabad Airport),1995-10-16 12:00:00,19.665704345703148
Tehran (Mehrabad Airport),1995-11-16 00:00:00,11.978997802734398
Tehran (Mehrabad Airport),1995-12-16 12:00:00,6.240441894531273
Tehran (Mehrabad Airport),1996-01-16 12:00:00,3.5109497070312727
Tehran (Mehrabad Airport),1996-02-15 12:00:00,5.753045654296898
Tehran (Mehrabad Airport),1996-03-16 12:00:00,11.340783691406273
Tehran (Mehrabad Airport),1996-04-16 00:00:00,17.368188476562523
Tehran (Mehrabad Airport),1996-05-16 12:00:00,23.147637939453148
Tehran (Mehrabad Airport),1996-06-16 00:00:00,28.239373779296898
Tehran (Mehrabad Airport),1996-07-16 12:00:00,30.894403076171898
Tehran (Mehrabad Airport),1996-08-16 12:00:00,29.998986816406273
Tehran (Mehrabad Airport),1996-09-16 00:00:00,25.873651123046898
Tehran (Mehrabad Airport),1996-10-16 12:00:00,19.795465087890648
Tehran (Mehrabad Airport),1996-11-16 00:00:00,12.082757568359398
Tehran (Mehrabad Airport),1996-12-16 12:00:00,6.957971191406273
Tehran (Mehrabad Airport),1997-01-16 12:00:00,4.260888671875023
Tehran (Mehrabad Airport),1997-02-15 00:00:00,6.119409179687523
Tehran (Mehrabad Airport),1997-03-16 12:00:00,10.913568115234398
Tehran (Mehrabad Airport),1997-04-16 00:00:00,16.812280273437523
Tehran (Mehrabad Airport),1997-05-16 12:00:00,23.088403320312523
Tehran (Mehrabad Airport),1997-06-16 00:00:00,28.070031738281273
Tehran (Mehrabad Airport),1997-07-16 12:00:00,30.777703857421898
Tehran (Mehrabad Airport),1997-08-16 12:00:00,30.371026611328148
Tehran (Mehrabad Airport),1997-09-16 00:00:00,26.382867431640648
Tehran (Mehrabad Airport),1997-10-16 12:00:00,19.663781738281273
Tehran (Mehrabad Airport),1997-11-16 00:00:00,12.442712402343773
Tehran (Mehrabad Airport),1997-12-16 12:00:00,6.240380859375023
Tehran (Mehrabad Airport),1998-01-16 12:00:00,4.454187011718773
Tehran (Mehrabad Airport),1998-02-15 00:00:00,6.582269287109398
Tehran (Mehrabad Airport),1998-03-16 12:00:00,10.654290771484398
Tehran (Mehrabad Airport),1998-04-16 00:00:00,17.319696044921898
Tehran (Mehrabad Airport),1998-05-16 12:00:00,22.583154296875023
Tehran (Mehrabad Airport),1998-06-16 00:00:00,28.071038818359398
Tehran (Mehrabad Airport),1998-07-16 12:00:00,31.085076904296898
Tehran (Mehrabad Airport),1998-08-16 12:00:00,30.391046142578148
Tehran (Mehrabad Airport),1998-09-16 00:00:00,26.006433105468773
Tehran (Mehrabad Airport),1998-10-16 12:00:00,19.322167968750023
Tehran (Mehrabad Airport),1998-11-16 00:00:00,12.141534423828148
Tehran (Mehrabad Airport),1998-12-16 12:00:00,6.559228515625023
Tehran (Mehrabad Airport),1999-01-16 12:00:00,4.175897216796898
Tehran (Mehrabad Airport),1999-02-15 00:00:00,6.000512695312523
Tehran (Mehrabad Airport),1999-03-16 12:00:00,11.248132324218773
Tehran (Mehrabad Airport),1999-04-16 00:00:00,17.644738769531273
Tehran (Mehrabad Airport),1999-05-16 12:00:00,22.919915771484398
Tehran (Mehrabad Airport),1999-06-16 00:00:00,27.808526611328148
Tehran (Mehrabad Airport),1999-07-16 12:00:00,30.822442626953148
Tehran (Mehrabad Airport),1999-08-16 12:00:00,30.465325927734398
Tehran (Mehrabad Airport),1999-09-16 00:00:00,25.925439453125023
Tehran (Mehrabad Airport),1999-10-16 12:00:00,19.384149169921898
Tehran (Mehrabad Airport),1999-11-16 00:00:00,12.545251464843773
Tehran (Mehrabad Airport),1999-12-16 12:00:00,5.751397705078148
Tehran (Mehrabad Airport),2000-01-16 12:00:00,3.5138793945312727
Tehran (Mehrabad Airport),2000-02-15 12:00:00,6.186151123046898
Tehran (Mehrabad Airport),2000-03-16 12:00:00,11.614862060546898
Tehran (Mehrabad Airport),2000-04-16 00:00:00,17.827050781250023
Tehran (Mehrabad Airport),2000-05-16 12:00:00,23.069360351562523
Tehran (Mehrabad Airport),2000-06-16 00:00:00,28.168664550781273
Tehran (Mehrabad Airport),2000-07-16 12:00:00,30.921929931640648
Tehran (Mehrabad Airport),2000-08-16 12:00:00,30.542413330078148
Tehran (Mehrabad Airport),2000-09-16 00:00:00,26.222741699218773
Tehran (Mehrabad Airport),2000-10-16 12:00:00,19.997583007812523
Tehran (Mehrabad Airport),2000-11-16 00:00:00,12.409814453125023
Tehran (Mehrabad Airport),2000-12-16 12:00:00,6.240899658203148
Tehran (Mehrabad Airport),2001-01-16 12:00:00,4.412408447265648
Tehran (Mehrabad Airport),2001-02-15 00:00:00,6.413690185546898
Tehran (Mehrabad Airport),2001-03-16 12:00:00,11.280572509765648
Tehran (Mehrabad Airport),2001-04-16 00:00:00,17.597283935546898
Tehran (Mehrabad Airport),2001-05-16 12:00:00,22.986230468750023
Tehran (Mehrabad Airport),2001-06-16 00:00:00,28.441491699218773
Tehran (Mehrabad Airport),2001-07-16 12:00:00,31.229364013671898
Tehran (Mehrabad Airport),2001-08-16 12:00:00,30.460290527343773
Tehran (Mehrabad Airport),2001-09-16 00:00:00,26.269586181640648
Tehran (Mehrabad Airport),2001-10-16 12:00:00,20.163446044921898
Tehran (Mehrabad Airport),2001-11-16 00:00:00,13.345544433593773
Tehran (Mehrabad Airport),2001-12-16 12:00:00,6.857263183593773
Tehran (Mehrabad Airport),2002-01-16 12:00:00,3.9901062011718977
Tehran (Mehrabad Airport),2002-02-15 00:00:00,7.183190917968773
Tehran (Mehrabad Airport),2002-03-16 12:00:00,11.611749267578148
Tehran (Mehrabad Airport),2002-04-16 00:00:00,18.174188232421898
Tehran (Mehrabad Airport),2002-05-16 12:00:00,22.859399414062523
Tehran (Mehrabad Airport),2002-06-16 00:00:00,28.430535888671898
Tehran (Mehrabad Airport),2002-07-16 12:00:00,31.296533203125023
Tehran (Mehrabad Airport),2002-08-16 12:00:00,30.548913574218773
Tehran (Mehrabad Airport),2002-09-16 00:00:00,26.013238525390648
Tehran (Mehrabad Airport),2002-10-16 12:00:00,20.037927246093773
Tehran (Mehrabad Airport),2002-11-16 00:00:00,12.872583007812523
Tehran (Mehrabad Airport),2002-12-16 12:00:00,6.359887695312523
Tehran (Mehrabad Airport),2003-01-16 12:00:00,3.8626647949218977
Tehran (Mehrabad Airport),2003-02-15 00:00:00,6.507501220703148
Tehran (Mehrabad Airport),2003-03-16 12:00:00,11.645196533203148
Tehran (Mehrabad Airport),2003-04-16 00:00:00,17.103234863281273
Tehran (Mehrabad Airport),2003-05-16 12:00:00,22.478112792968773
Tehran (Mehrabad Airport),2003-06-16 00:00:00,28.283563232421898
Tehran (Mehrabad Airport),2003-07-16 12:00:00,31.144464111328148
Tehran (Mehrabad Airport),2003-08-16 12:00:00,30.603143310546898
Tehran (Mehrabad Airport),2003-09-16 00:00:00,25.986016845703148
Tehran (Mehrabad Airport),2003-10-16 12:00:00,19.785729980468773
Tehran (Mehrabad Airport),2003-11-16 00:00:00,12.522119140625023
Tehran (Mehrabad Airport),2003-12-16 12:00:00,6.910241699218773
Tehran (Mehrabad Airport),2004-01-16 12:00:00,3.5487304687500227
Tehran (Mehrabad Airport),2004-02-15 12:00:00,5.996881103515648
Tehran (Mehrabad Airport),2004-03-16 12:00:00,11.318200683593773
Tehran (Mehrabad Airport),2004-04-16 00:00:00,16.983819580078148
Tehran (Mehrabad Airport),2004-05-16 12:00:00,22.508874511718773
Tehran (Mehrabad Airport),2004-06-16 00:00:00,28.123925781250023
Tehran (Mehrabad Airport),2004-07-16 12:00:00,30.839929199218773
Tehran (Mehrabad Airport),2004-08-16 12:00:00,30.384881591796898
Tehran (Mehrabad Airport),2004-09-16 00:00:00,26.489556884765648
Tehran (Mehrabad Airport),2004-10-16 12:00:00,19.543176269531273
Tehran (Mehrabad Airport),2004-11-16 00:00:00,12.659051513671898
Tehran (Mehrabad Airport),2004-12-16 12:00:00,6.243798828125023
Tehran (Mehrabad Airport),2005-01-16 12:00:00,3.8868652343750227
Tehran (Mehrabad Airport),2005-02-15 00:00:00,6.587823486328148
Tehran (Mehrabad Airport),2005-03-16 12:00:00,11.266442871093773
Tehran (Mehrabad Airport),2005-04-16 00:00:00,17.569970703125023
Tehran (Mehrabad Airport),2005-05-16 12:00:00,22.735314941406273
Tehran (Mehrabad Airport),2005-06-16 00:00:00,28.386163330078148
Tehran (Mehrabad Airport),2005-07-16 12:00:00,31.368768310546898
Tehran (Mehrabad Airport),2005-08-16 12:00:00,30.375604248046898
Tehran (Mehrabad Airport),2005-09-16 00:00:00,25.856835937500023
Tehran (Mehrabad Airport),2005-10-16 12:00:00,19.390069580078148
Tehran (Mehrabad Airport),2005-11-16 00:00:00,12.066857910156273
Tehran (Mehrabad Airport),2005-12-16 12:00:00,6.360467529296898
Tehran (Mehrabad Airport),2006-01-16 12:00:00,3.6599365234375227
Tehran (Mehrabad Airport),2006-02-15 00:00:00,6.323571777343773
Tehran (Mehrabad Airport),2006-03-16 12:00:00,11.323541259765648
Tehran (Mehrabad Airport),2006-04-16 00:00:00,17.258721923828148
Tehran (Mehrabad Airport),2006-05-16 12:00:00,23.371514892578148
Tehran (Mehrabad Airport),2006-06-16 00:00:00,28.316766357421898
Tehran (Mehrabad Airport),2006-07-16 12:00:00,30.996697998046898
Tehran (Mehrabad Airport),2006-08-16 12:00:00,30.442620849609398
Tehran (Mehrabad Airport),2006-09-16 00:00:00,26.310540771484398
Tehran (Mehrabad Airport),2006-10-16 12:00:00,19.999169921875023
Tehran (Mehrabad Airport),2006-11-16 00:00:00,12.926293945312523
Tehran (Mehrabad Airport),2006-12-16 12:00:00,6.682336425781273
Tehran (Mehrabad Airport),2007-01-16 12:00:00,4.350610351562523
Tehran (Mehrabad Airport),2007-02-15 00:00:00,6.500817871093773
Tehran (Mehrabad Airport),2007-03-16 12:00:00,11.590295410156273
Tehran (Mehrabad Airport),2007-04-16 00:00:00,17.003930664062523
Tehran (Mehrabad Airport),2007-05-16 12:00:00,23.034692382812523
Tehran (Mehrabad Airport),2007-06-16 00:00:00,28.199304199218773
Tehran (Mehrabad Airport),2007-07-16 12:00:00,31.273858642578148
Tehran (Mehrabad Airport),2007-08-16 12:00:00,30.669427490234398
Tehran (Mehrabad Airport),2007-09-16 00:00:00,26.339379882812523
Tehran (Mehrabad Airport),2007-10-16 12:00:00,20.207360839843773
Tehran (Mehrabad Airport),2007-11-16 00:00:00,12.545312500000023
Tehran (Mehrabad Airport),2007-12-16 12:00:00,6.167108154296898
Tehran (Mehrabad Airport),2008-01-16 12:00:00,3.8528381347656477
Tehran (Mehrabad Airport),2008-02-15 12:00:00,5.741571044921898
Tehran (Mehrabad Airport),2008-03-16 12:00:00,11.306573486328148
Tehran (Mehrabad Airport),2008-04-16 00:00:00,17.703332519531273
Tehran (Mehrabad Airport),2008-05-16 12:00:00,23.426782226562523
Tehran (Mehrabad Airport),2008-06-16 00:00:00,28.390985107421898
Tehran (Mehrabad Airport),2008-07-16 12:00:00,31.091943359375023
Tehran (Mehrabad Airport),2008-08-16 12:00:00,30.409265136718773
Tehran (Mehrabad Airport),2008-09-16 00:00:00,25.929162597656273
Tehran (Mehrabad Airport),2008-10-16 12:00:00,19.819268798828148
Tehran (Mehrabad Airport),2008-11-16 00:00:00,12.240899658203148
Tehran (Mehrabad Airport),2008-12-16 12:00:00,6.375115966796898
Tehran (Mehrabad Airport),2009-01-16 12:00:00,3.8077941894531477
Tehran (Mehrabad Airport),2009-02-15 00:00:00,7.015130615234398
Tehran (Mehrabad Airport),2009-03-16 12:00:00,11.487969970703148
Tehran (Mehrabad Airport),2009-04-16 00:00:00,17.478509521484398
Tehran (Mehrabad Airport),2009-05-16 12:00:00,22.837792968750023
Tehran (Mehrabad Airport),2009-06-16 00:00:00,28.445581054687523
Tehran (Mehrabad Airport),2009-07-16 12:00:00,31.241326904296898
Tehran (Mehrabad Airport),2009-08-16 12:00:00,30.607110595703148
Tehran (Mehrabad Airport),2009-09-16 00:00:00,26.440728759765648
Tehran (Mehrabad Airport),2009-10-16 12:00:00,19.401879882812523
Tehran (Mehrabad Airport),2009-11-16 00:00:00,12.301232910156273
Tehran (Mehrabad Airport),2009-12-16 12:00:00,6.341394042968773
Tehran (Mehrabad Airport),2010-01-16 12:00:00,4.105859375000023
Tehran (Mehrabad Airport),2010-02-15 00:00:00,6.169549560546898
Tehran (Mehrabad Airport),2010-03-16 12:00:00,12.059136962890648
Tehran (Mehrabad Airport),2010-04-16 00:00:00,17.740441894531273
Tehran (Mehrabad Airport),2010-05-16 12:00:00,22.666162109375023
Tehran (Mehrabad Airport),2010-06-16 00:00:00,27.708062744140648
Tehran (Mehrabad Airport),2010-07-16 12:00:00,31.046563720703148
Tehran (Mehrabad Airport),2010-08-16 12:00:00,30.694390869140648
Tehran (Mehrabad Airport),2010-09-16 00:00:00,26.410760498046898
Tehran (Mehrabad Airport),2010-10-16 12:00:00,19.975366210937523
Tehran (Mehrabad Airport),2010-11-16 00:00:00,12.476678466796898
Tehran (Mehrabad Airport),2010-12-16 12:00:00,6.937493896484398
Tehran (Mehrabad Airport),2011-01-16 12:00:00,4.737573242187523
Tehran (Mehrabad Airport),2011-02-15 00:00:00,6.454309082031273
Tehran (Mehrabad Airport),2011-03-16 12:00:00,11.445397949218773
Tehran (Mehrabad Airport),2011-04-16 00:00:00,17.501275634765648
Tehran (Mehrabad Airport),2011-05-16 12:00:00,22.836328125000023
Tehran (Mehrabad Airport),2011-06-16 00:00:00,28.394342041015648
Tehran (Mehrabad Airport),2011-07-16 12:00:00,31.080957031250023
Tehran (Mehrabad Airport),2011-08-16 12:00:00,31.019952392578148
Tehran (Mehrabad Airport),2011-09-16 00:00:00,26.725610351562523
Tehran (Mehrabad Airport),2011-10-16 12:00:00,20.304956054687523
Tehran (Mehrabad Airport),2011-11-16 00:00:00,12.848626708984398
Tehran (Mehrabad Airport),2011-12-16 12:00:00,6.908135986328148
Tehran (Mehrabad Airport),2012-01-16 12:00:00,4.662469482421898
Tehran (Mehrabad Airport),2012-02-15 12:00:00,6.076196289062523
Tehran (Mehrabad Airport),2012-03-16 12:00:00,11.867456054687523
Tehran (Mehrabad Airport),2012-04-16 00:00:00,17.597894287109398
Tehran (Mehrabad Airport),2012-05-16 12:00:00,22.866143798828148
Tehran (Mehrabad Airport),2012-06-16 00:00:00,28.525292968750023
Tehran (Mehrabad Airport),2012-07-16 12:00:00,31.404626464843773
Tehran (Mehrabad Airport),2012-08-16 12:00:00,30.609094238281273
Tehran (Mehrabad Airport),2012-09-16 00:00:00,26.477014160156273
Tehran (Mehrabad Airport),2012-10-16 12:00:00,20.089410400390648
Tehran (Mehrabad Airport),2012-11-16 00:00:00,12.926782226562523
Tehran (Mehrabad Airport),2012-12-16 12:00:00,7.093133544921898
Tehran (Mehrabad Airport),2013-01-16 12:00:00,5.032037353515648
Tehran (Mehrabad Airport),2013-02-15 00:00:00,6.593865966796898
Tehran (Mehrabad Airport),2013-03-16 12:00:00,11.809777832031273
Tehran (Mehrabad Airport),2013-04-16 00:00:00,17.704064941406273
Tehran (Mehrabad Airport),2013-05-16 12:00:00,23.159478759765648
Tehran (Mehrabad Airport),2013-06-16 00:00:00,28.586541748046898
Tehran (Mehrabad Airport),2013-07-16 12:00:00,31.654595947265648
Tehran (Mehrabad Airport),2013-08-16 12:00:00,30.842706298828148
Tehran (Mehrabad Airport),2013-09-16 00:00:00,26.624749755859398
Tehran (Mehrabad Airport),2013-10-16 12:00:00,20.886193847656273
Tehran (Mehrabad Airport),2013-11-16 00:00:00,12.742761230468773
Tehran (Mehrabad Airport),2013-12-16 12:00:00,6.931237792968773
Tehran (Mehrabad Airport),2014-01-16 12:00:00,4.833917236328148
Tehran (Mehrabad Airport),2014-02-15 00:00:00,6.223443603515648
Tehran (Mehrabad Airport),2014-03-16 12:00:00,11.577630615234398
Tehran (Mehrabad Airport),2014-04-16 00:00:00,17.775292968750023
Tehran (Mehrabad Airport),2014-05-16 12:00:00,23.326409912109398
Tehran (Mehrabad Airport),2014-06-16 00:00:00,28.534783935546898
Tehran (Mehrabad Airport),2014-07-16 12:00:00,31.584252929687523
Tehran (Mehrabad Airport),2014-08-16 12:00:00,30.892816162109398
Tehran (Mehrabad Airport),2014-09-16 00:00:00,26.337365722656273
Tehran (Mehrabad Airport),2014-10-16 12:00:00,20.106835937500023
Tehran (Mehrabad Airport),2014-11-16 00:00:00,12.276605224609398
Tehran (Mehrabad Airport),2014-12-16 12:00:00,7.484429931640648
