Station Name,Available Days,Missing Days,File Path
Semnan,10955,2,/Users/hosseinsalehi/Downloads/ObservedـData/nekoomal-data/Daily_stations/Semnan.csv
Gharakhil,10954,3,/Users/hosseinsalehi/Downloads/ObservedـData/nekoomal-data/Daily_stations/Gharakhil.csv
Sanandaj,10954,3,/Users/hosseinsalehi/Downloads/ObservedـData/nekoomal-data/Daily_stations/Sanandaj.csv
Babolsar,10953,4,/Users/hosseinsalehi/Downloads/ObservedـData/nekoomal-data/Daily_stations/Babolsar.csv
Kish Island,10952,5,/Users/hosseinsalehi/Downloads/ObservedـData/nekoomal-data/Daily_stations/Kish Island.csv
Tabriz,10951,6,/Users/hosseinsalehi/Downloads/ObservedـData/nekoomal-data/Daily_stations/Tabriz.csv
Abadeh,10951,6,/Users/hosseinsalehi/Downloads/ObservedـData/nekoomal-data/Daily_stations/Abadeh.csv
Sabzevar,10951,6,/Users/hosseinsalehi/Downloads/ObservedـData/nekoomal-data/Daily_stations/Sabzevar.csv
Qazvin,10951,6,/Users/hosseinsalehi/Downloads/ObservedـData/nekoomal-data/Daily_stations/Qazvin.csv
Esfahan (Airport),10949,8,/Users/hosseinsalehi/Downloads/ObservedـData/nekoomal-data/Daily_stations/Esfahan (Airport).csv
Tehran (Mehrabad Airport),10949,8,/Users/hosseinsalehi/Downloads/ObservedـData/nekoomal-data/Daily_stations/Tehran (Mehrabad Airport).csv
Zabol,10948,9,/Users/hosseinsalehi/Downloads/ObservedـData/nekoomal-data/Daily_stations/Zabol.csv
Nowshahr,10948,9,/Users/hosseinsalehi/Downloads/ObservedـData/nekoomal-data/Daily_stations/Nowshahr.csv
Zanjan,10948,9,/Users/hosseinsalehi/Downloads/ObservedـData/nekoomal-data/Daily_stations/Zanjan.csv
Khoy,10947,10,/Users/hosseinsalehi/Downloads/ObservedـData/nekoomal-data/Daily_stations/Khoy.csv
Bandarabbas,10947,10,/Users/hosseinsalehi/Downloads/ObservedـData/nekoomal-data/Daily_stations/Bandarabbas.csv
Sirjan,10947,10,/Users/hosseinsalehi/Downloads/ObservedـData/nekoomal-data/Daily_stations/Sirjan.csv
Shahrekord,10946,11,/Users/hosseinsalehi/Downloads/ObservedـData/nekoomal-data/Daily_stations/Shahrekord.csv
Yazd,10946,11,/Users/hosseinsalehi/Downloads/ObservedـData/nekoomal-data/Daily_stations/Yazd.csv
Parsabad,10946,11,/Users/hosseinsalehi/Downloads/ObservedـData/nekoomal-data/Daily_stations/Parsabad.csv
Bandar-E-Anzali,10946,11,/Users/hosseinsalehi/Downloads/ObservedـData/nekoomal-data/Daily_stations/Bandar-E-Anzali.csv
Kashan,10946,11,/Users/hosseinsalehi/Downloads/ObservedـData/nekoomal-data/Daily_stations/Kashan.csv
Tabas,10945,12,/Users/hosseinsalehi/Downloads/ObservedـData/nekoomal-data/Daily_stations/Tabas.csv
Rasht,10945,12,/Users/hosseinsalehi/Downloads/ObservedـData/nekoomal-data/Daily_stations/Rasht.csv
Zahedan,10945,12,/Users/hosseinsalehi/Downloads/ObservedـData/nekoomal-data/Daily_stations/Zahedan.csv
Bam,10944,13,/Users/hosseinsalehi/Downloads/ObservedـData/nekoomal-data/Daily_stations/Bam.csv
Ferdows,10944,13,/Users/hosseinsalehi/Downloads/ObservedـData/nekoomal-data/Daily_stations/Ferdows.csv
Chahbahar,10944,13,/Users/hosseinsalehi/Downloads/ObservedـData/nekoomal-data/Daily_stations/Chahbahar.csv
Bandar-E-Lengeh,10943,14,/Users/hosseinsalehi/Downloads/ObservedـData/nekoomal-data/Daily_stations/Bandar-E-Lengeh.csv
Orumiyeh,10943,14,/Users/hosseinsalehi/Downloads/ObservedـData/nekoomal-data/Daily_stations/Orumiyeh.csv
Iranshahr,10943,14,/Users/hosseinsalehi/Downloads/ObservedـData/nekoomal-data/Daily_stations/Iranshahr.csv
Maku,10943,14,/Users/hosseinsalehi/Downloads/ObservedـData/nekoomal-data/Daily_stations/Maku.csv
Ramsar,10942,15,/Users/hosseinsalehi/Downloads/ObservedـData/nekoomal-data/Daily_stations/Ramsar.csv
Bojnurd,10942,15,/Users/hosseinsalehi/Downloads/ObservedـData/nekoomal-data/Daily_stations/Bojnurd.csv
Maragheh,10941,16,/Users/hosseinsalehi/Downloads/ObservedـData/nekoomal-data/Daily_stations/Maragheh.csv
Sarakhs,10941,16,/Users/hosseinsalehi/Downloads/ObservedـData/nekoomal-data/Daily_stations/Sarakhs.csv
Kerman,10940,17,/Users/hosseinsalehi/Downloads/ObservedـData/nekoomal-data/Daily_stations/Kerman.csv
Saqez,10940,17,/Users/hosseinsalehi/Downloads/ObservedـData/nekoomal-data/Daily_stations/Saqez.csv
Shahrud,10940,17,/Users/hosseinsalehi/Downloads/ObservedـData/nekoomal-data/Daily_stations/Shahrud.csv
Kermanshah,10939,18,/Users/hosseinsalehi/Downloads/ObservedـData/nekoomal-data/Daily_stations/Kermanshah.csv
Mahabad,10939,18,/Users/hosseinsalehi/Downloads/ObservedـData/nekoomal-data/Daily_stations/Mahabad.csv
Ardebil,10938,19,/Users/hosseinsalehi/Downloads/ObservedـData/nekoomal-data/Daily_stations/Ardebil.csv
Ahvaz,10936,21,/Users/hosseinsalehi/Downloads/ObservedـData/nekoomal-data/Daily_stations/Ahvaz.csv
Mashhad,10935,22,/Users/hosseinsalehi/Downloads/ObservedـData/nekoomal-data/Daily_stations/Mashhad.csv
Hamedan (Airport),10935,22,/Users/hosseinsalehi/Downloads/ObservedـData/nekoomal-data/Daily_stations/Hamedan (Airport).csv
Jask,10935,22,/Users/hosseinsalehi/Downloads/ObservedـData/nekoomal-data/Daily_stations/Jask.csv
Abumusa Island,10933,24,/Users/hosseinsalehi/Downloads/ObservedـData/nekoomal-data/Daily_stations/Abumusa Island.csv
Torbat-E Heydariyeh,10930,27,/Users/hosseinsalehi/Downloads/ObservedـData/nekoomal-data/Daily_stations/Torbat-E Heydariyeh.csv
Karaj,10929,28,/Users/hosseinsalehi/Downloads/ObservedـData/nekoomal-data/Daily_stations/Karaj.csv
Abadan,10924,33,/Users/hosseinsalehi/Downloads/ObservedـData/nekoomal-data/Daily_stations/Abadan.csv
Fasa,10922,35,/Users/hosseinsalehi/Downloads/ObservedـData/nekoomal-data/Daily_stations/Fasa.csv
Shiraz,10921,36,/Users/hosseinsalehi/Downloads/ObservedـData/nekoomal-data/Daily_stations/Shiraz.csv
Abali,10921,36,/Users/hosseinsalehi/Downloads/ObservedـData/nekoomal-data/Daily_stations/Abali.csv
Jolfa,10918,39,/Users/hosseinsalehi/Downloads/ObservedـData/nekoomal-data/Daily_stations/Jolfa.csv
Birjand,10915,42,/Users/hosseinsalehi/Downloads/ObservedـData/nekoomal-data/Daily_stations/Birjand.csv
Quchan,10907,50,/Users/hosseinsalehi/Downloads/ObservedـData/nekoomal-data/Daily_stations/Quchan.csv
Minab,10897,60,/Users/hosseinsalehi/Downloads/ObservedـData/nekoomal-data/Daily_stations/Minab.csv
Esfahan,10861,96,/Users/hosseinsalehi/Downloads/ObservedـData/nekoomal-data/Daily_stations/Esfahan.csv
Masjedsoleyman,10768,189,/Users/hosseinsalehi/Downloads/ObservedـData/nekoomal-data/Daily_stations/Masjedsoleyman.csv
Omidiyeh (Aghajari),10641,316,/Users/hosseinsalehi/Downloads/ObservedـData/nekoomal-data/Daily_stations/Omidiyeh (Aghajari).csv
